Fuel Type Code,Station Name,Street Address,City,State,Status Code,Groups With Access Code,EV Level2 EVSE Num,EV DC Fast Count,EV Network,EV Network Web,Geocode Status,Latitude,Longitude,ID,Updated At,Open Date,EV Connector Types,Country,Access Code,Facility Type,EV Pricing,Restricted Access
ELEC,Port Authority Bus Terminal,625 8th Ave,New York,NY,E,Public,2.0,0.0,EV Connect,http://evconnect.com/,200-8,40.756177,-73.990558,65287,2021-03-11 23:22:17 UTC,2018-04-01,J1772,US,public,PARKING_GARAGE,Sin Dato,False
ELEC,United Parcel Service,643 W 43rd St,New York,NY,E,Private,2.0,0.0,Non-Networked,Sin Dato,200-8,40.762442,-74.000055,74648,2022-06-14 16:24:51 UTC,2016-03-01,J1772,US,private,FLEET_GARAGE,Sin Dato,True
ELEC,Spectrum,401 W 219th St,New York,NY,E,Public,8.0,0.0,EV Connect,http://evconnect.com/,200-8,40.87121,-73.911616,94854,2022-04-28 20:01:31 UTC,2016-06-27,J1772,US,public,OFFICE_BLDG,Sin Dato,True
ELEC,Central Parking - Tower 31,9 W 31st Street,New York,NY,E,Public,1.0,0.0,Blink Network,http://www.blinkcharging.com/,GPS,40.747098,-73.986641,95069,2022-07-24 22:55:19 UTC,2014-08-20,J1772,US,public,Sin Dato,Level 2: $0.59 per kWh,False
ELEC,Tribeca Park,400 Chambers St,New York,NY,E,Private,2.0,0.0,Blink Network,http://www.blinkcharging.com/,GPS,40.717717,-74.015049,96646,2022-07-24 22:55:19 UTC,2014-11-12,J1772,US,private,Sin Dato,Level 2: $0.59 per kWh,True
ELEC,Environmental Protection Agency,290 Broadway,New York,NY,E,Private,5.0,0.0,Non-Networked,Sin Dato,GPS,40.714723,-74.005143,98674,2021-03-11 23:22:17 UTC,2018-04-01,J1772,US,private,FED_GOV,Sin Dato,True
ELEC,Mott Street Parking - Tesla Supercharger,106 Mott Street,New York,NY,E,Public,Sin Dato,2.0,Tesla,https://www.tesla.com/supercharger,200-9,40.717522,-73.997302,102334,2021-11-04 18:37:47 UTC,2018-07-23,TESLA,US,public,Sin Dato,$0.28 per kWh; $0.26 per minute above 60 kW and $0.13 per minute at or below 60 kW,False
ELEC,W 75th Parking Garage - Tesla Supercharger,201 W 75th Street,New York,NY,E,Public,Sin Dato,4.0,Tesla,https://www.tesla.com/supercharger,200-8,40.780976,-73.980414,102335,2021-11-04 18:37:47 UTC,2018-07-23,TESLA,US,public,Sin Dato,$0.28 per kWh; $0.26 per minute above 60 kW and $0.13 per minute at or below 60 kW,False
ELEC,E 47th Street - Tesla Supercharger,212 East 47th Street,New York,NY,E,Public,Sin Dato,4.0,Tesla,https://www.tesla.com/supercharger,200-9,40.753356,-73.971685,102336,2021-11-04 18:37:47 UTC,2018-07-23,TESLA,US,public,Sin Dato,$0.28 per kWh; $0.26 per minute above 60 kW and $0.13 per minute at or below 60 kW,False
ELEC,MPG 10 E 102nd Street - Tesla Destination,10 E 102nd St,New York,NY,E,Public,3.0,0.0,Tesla Destination,https://www.tesla.com/destination-charging,200-9,40.791232,-73.95237,114983,2021-03-11 23:22:17 UTC,2017-09-01,J1772 TESLA,US,public,PAY_GARAGE,Free,False
ELEC,Rapidpark 10 E 30th Street - Tesla Destination,10 E 30th St,New York,NY,E,Public,3.0,0.0,Tesla Destination,https://www.tesla.com/destination-charging,200-9,40.745384,-73.985704,114984,2021-03-11 23:22:17 UTC,2017-09-01,J1772 TESLA,US,public,PAY_GARAGE,Free,False
ELEC,Icon Parking 1056 5th Avenue - Tesla Destination,10 E 87th St,New York,NY,E,Public,3.0,0.0,Tesla Destination,https://www.tesla.com/destination-charging,GPS,40.782031,-73.959484,114985,2021-03-11 23:22:17 UTC,2017-09-01,J1772 TESLA,US,public,PAY_GARAGE,Free,False
ELEC,iPark 10 West 15th - Tesla Destination,10 W 15th,New York,NY,E,Public,3.0,0.0,Tesla Destination,https://www.tesla.com/destination-charging,200-8,40.736754,-73.993789,114986,2021-03-11 23:22:17 UTC,2018-11-01,J1772 TESLA,US,public,PAY_GARAGE,Free,False
ELEC,GGMC Parking 10 W 66th St Garage - Tesla Destination,10 W 66th St,New York,NY,E,Public,2.0,0.0,Tesla Destination,https://www.tesla.com/destination-charging,200-8,40.772308,-73.978966,114987,2021-03-11 23:22:17 UTC,2016-01-01,TESLA,US,public,PAY_GARAGE,Free,False
ELEC,GGMC Parking Union Square Parking Garage - Tesla Destination,100 E 15th St,New York,NY,E,Public,6.0,0.0,Tesla Destination,https://www.tesla.com/destination-charging,200-8,40.734817,-73.989198,114988,2021-03-11 23:22:17 UTC,2016-01-01,J1772 TESLA,US,public,PAY_GARAGE,Free,False
ELEC,Icon Parking 100 Riverside Blvd. - Tesla Destination,100 Riverside Blvd,New York,NY,E,Public,3.0,0.0,Tesla Destination,https://www.tesla.com/destination-charging,200-9,40.775704,-73.989483,114989,2021-03-11 23:22:17 UTC,2016-01-01,J1772 TESLA,US,public,PAY_GARAGE,Free,False
ELEC,Rapidpark 600 Columbus Ave - Tesla Destination,100 W 89th,New York,NY,E,Public,3.0,0.0,Tesla Destination,https://www.tesla.com/destination-charging,200-9,40.788305,-73.971353,114990,2021-03-11 23:22:17 UTC,2018-11-01,J1772 TESLA,US,public,PAY_GARAGE,Free,False
ELEC,Champion Parking E 16th Street - Tesla Destination,101  E 16th St,New York,NY,E,Public,3.0,0.0,Tesla Destination,https://www.tesla.com/destination-charging,200-8,40.736116,-73.989322,114991,2021-03-11 23:22:17 UTC,2017-09-01,J1772 TESLA,US,public,PAY_GARAGE,Free,False
ELEC,Icon Parking 101 W 15th - Tesla Destination,101 W 15th St,New York,NY,E,Public,4.0,0.0,Tesla Destination,https://www.tesla.com/destination-charging,200-8,40.738352,-73.996519,114992,2021-03-11 23:22:17 UTC,2018-11-01,TESLA,US,public,PAY_GARAGE,Free,False
ELEC,iPark NYC 88th Street Garage - Tesla Destination,101 W 88th St,New York,NY,E,Public,3.0,0.0,Tesla Destination,https://www.tesla.com/destination-charging,200-8,40.787976,-73.971145,114993,2021-03-11 23:22:17 UTC,2016-05-01,J1772 TESLA,US,public,PAY_GARAGE,Free,False
ELEC,Icon Parking 101 West End Ave - Tesla Destination,101 West End Ave,New York,NY,E,Public,3.0,0.0,Tesla Destination,https://www.tesla.com/destination-charging,200-9,40.775188,-73.988501,114994,2021-03-11 23:22:17 UTC,2018-11-01,J1772 TESLA,US,public,PAY_GARAGE,Free,False
ELEC,ABM Parking 475 Park Ave South LLC - Tesla Destination,104  E 32nd St,New York,NY,E,Public,2.0,0.0,Tesla Destination,https://www.tesla.com/destination-charging,200-8,40.745497,-73.98208,114995,2021-03-11 23:22:17 UTC,2017-09-01,TESLA,US,public,PAY_GARAGE,Free,False
ELEC,Rapidpark 99 Park Ave - Tesla Destination,105 E 39th,New York,NY,E,Public,3.0,0.0,Tesla Destination,https://www.tesla.com/destination-charging,200-8,40.750254,-73.978627,114996,2021-03-11 23:22:17 UTC,2018-11-01,J1772 TESLA,US,public,PAY_GARAGE,Free,False
ELEC,iPark 107 West 13th Street - Tesla Destination,107 W 13th St,New York,NY,E,Public,3.0,0.0,Tesla Destination,https://www.tesla.com/destination-charging,200-9,40.737094,-73.997754,114997,2021-03-11 23:22:17 UTC,2018-11-01,J1772 TESLA,US,public,PAY_GARAGE,Free,False
ELEC,Icon Parking 11 5th Ave - Tesla Destination,11 5th Ave,New York,NY,E,Public,3.0,0.0,Tesla Destination,https://www.tesla.com/destination-charging,200-8,40.732257,-73.99608,114998,2021-03-11 23:22:17 UTC,2016-01-01,J1772 TESLA,US,public,PAY_GARAGE,Free,False
ELEC,iPark NYC 1025 83rd - Tesla Destination,11 E 83rd St,New York,NY,E,Public,3.0,0.0,Tesla Destination,https://www.tesla.com/destination-charging,200-8,40.779468,-73.961086,114999,2021-03-11 23:22:17 UTC,2016-03-01,J1772 TESLA,US,public,PAY_GARAGE,Free,False
ELEC,GMC 111 E 82nd St - Tesla Destination,111 E 82nd St,New York,NY,E,Public,3.0,0.0,Tesla Destination,https://www.tesla.com/destination-charging,200-8,40.777545,-73.958471,115000,2021-03-11 23:22:17 UTC,2016-12-15,J1772 TESLA,US,public,PAY_GARAGE,Free,False
ELEC,iPark 112 E 65th Street - Tesla Destination,112 E 65th St,New York,NY,E,Public,3.0,0.0,Tesla Destination,https://www.tesla.com/destination-charging,200-8,40.766174,-73.966419,115001,2021-03-11 23:22:17 UTC,2018-11-01,J1772 TESLA,US,public,PAY_GARAGE,Free,False
ELEC,Quik Park 1133 Garage LLC - Tesla Destination,1133 6th Ave,New York,NY,E,Public,3.0,0.0,Tesla Destination,https://www.tesla.com/destination-charging,200-9,40.756071,-73.98392,115002,2021-03-11 23:22:17 UTC,2015-04-01,J1772 TESLA,US,public,PAY_GARAGE,Free,False
ELEC,iPark 1510 Lex Garage Corp. - Tesla Destination,116 E 98th St,New York,NY,E,Public,3.0,0.0,Tesla Destination,https://www.tesla.com/destination-charging,200-9,40.787343,-73.951003,115003,2021-03-11 23:22:17 UTC,2017-03-01,TESLA,US,public,PAY_GARAGE,Free,False
ELEC,ABM Parking 750 Lexington Ave LLC - Tesla Destination,118 E 60th St,New York,NY,E,Public,3.0,0.0,Tesla Destination,https://www.tesla.com/destination-charging,200-9,40.762806,-73.9687,115004,2021-03-11 23:22:17 UTC,2018-11-01,TESLA,US,public,PAY_GARAGE,Free,False
ELEC,Icon Parking 12 East 9th Street - Tesla Destination,12 E 9th St,New York,NY,E,Public,3.0,0.0,Tesla Destination,https://www.tesla.com/destination-charging,200-8,40.732324,-73.99517,115005,2021-03-11 23:22:17 UTC,2016-01-01,J1772 TESLA,US,public,PAY_GARAGE,Free,False
ELEC,MPG 121 Reade Street - Tesla Destination,121 Reade St,New York,NY,E,Public,3.0,0.0,Tesla Destination,https://www.tesla.com/destination-charging,200-9,40.716208,-74.009488,115006,2021-03-11 23:22:17 UTC,2018-11-01,J1772 TESLA,US,public,PAY_GARAGE,Free,False
ELEC,GMC Parking Narragansett - Tesla Destination,124 E 63rd St,New York,NY,E,Public,3.0,0.0,Tesla Destination,https://www.tesla.com/destination-charging,200-9,40.764767,-73.967021,115007,2021-03-11 23:22:17 UTC,2017-09-01,J1772 TESLA,US,public,PAY_GARAGE,Free,False
ELEC,Rapidpark 124 W 20th Street - Tesla Destination,124  W 20th St,New York,NY,E,Public,3.0,0.0,Tesla Destination,https://www.tesla.com/destination-charging,200-9,40.741371,-73.995533,115008,2021-03-11 23:22:17 UTC,2017-09-01,J1772 TESLA,US,public,HOTEL,Free,False
ELEC,Quik Park Garden Lots LLC - Tesla Destination,126 West 32nd St,New York,NY,E,Public,3.0,0.0,Tesla Destination,https://www.tesla.com/destination-charging,200-9,40.748789,-73.989915,115009,2021-03-11 23:22:17 UTC,2016-01-01,J1772 TESLA,US,public,PAY_GARAGE,Free,False
ELEC,ABM Parking 13 East 54th Street LLC - Tesla Destination,13-17 E 54th St,New York,NY,E,Public,2.0,0.0,Tesla Destination,https://www.tesla.com/destination-charging,200-8,40.761051,-73.974877,115010,2021-03-11 23:22:17 UTC,2017-03-01,TESLA,US,public,PAY_GARAGE,Free,False
ELEC,New York Hilton Midtown - Tesla Destination,1335 Avenue of the Americas,New York,NY,E,Public,4.0,0.0,Tesla Destination,https://www.tesla.com/destination-charging,200-9,40.762445,-73.97971,115011,2021-03-11 23:22:17 UTC,2018-11-01,J1772 TESLA,US,public,HOTEL,Free,False
ELEC,1345 Parking Garage - Tesla Destination,1345 6th Ave,New York,NY,E,Public,3.0,0.0,Tesla Destination,https://www.tesla.com/destination-charging,GPS,40.76351,-73.979364,115012,2021-03-11 23:22:17 UTC,2018-11-01,J1772 TESLA,US,public,PAY_GARAGE,Free,False
ELEC,Icon Parking 1350 Avenue of the Americas - Tesla Destination,1350 6th Ave,New York,NY,E,Public,3.0,0.0,Tesla Destination,https://www.tesla.com/destination-charging,200-9,40.762653,-73.977846,115013,2021-03-11 23:22:17 UTC,2016-01-01,J1772 TESLA,US,public,PAY_GARAGE,Free,False
ELEC,Icon Parking 14-26 William Street - Tesla Destination,14-26 William St,New York,NY,E,Public,3.0,0.0,Tesla Destination,https://www.tesla.com/destination-charging,200-8,40.704976,-74.009682,115014,2021-03-11 23:22:17 UTC,2016-05-01,J1772 TESLA,US,public,PAY_GARAGE,Free,False
ELEC,Icon Parking OMNI - Tesla Destination,143-159 W 68th St,New York,NY,E,Public,3.0,0.0,Tesla Destination,https://www.tesla.com/destination-charging,200-8,40.775545,-73.9818,115015,2021-03-11 23:22:17 UTC,2018-11-01,J1772 TESLA,US,public,PAY_GARAGE,Free,False
ELEC,Rapidpark 148 E 33rd Street - Tesla Destination,148 E 33rd St,New York,NY,E,Public - Call ahead,3.0,0.0,Tesla Destination,https://www.tesla.com/destination-charging,200-9,40.745236,-73.979736,115016,2021-03-11 23:22:17 UTC,2017-09-01,J1772 TESLA,US,public,PAY_GARAGE,Free,False
ELEC,Rapidpark 15 W 72nd Street - Tesla Destination,15 W 72nd St,New York,NY,E,Public,3.0,0.0,Tesla Destination,https://www.tesla.com/destination-charging,200-9,40.777008,-73.97689,115017,2021-03-11 23:22:17 UTC,2017-09-01,J1772 TESLA,US,public,PAY_GARAGE,Free,False
ELEC,Icon Parking 150 Charles Street - Tesla Destination,150 Charles St,New York,NY,E,Public,3.0,0.0,Tesla Destination,https://www.tesla.com/destination-charging,200-9,40.733633,-74.009239,115018,2021-03-11 23:22:17 UTC,2018-11-01,J1772 TESLA,US,public,PAY_GARAGE,Free,False
ELEC,Icon Parking 150 E 58th Street - Tesla Destination,150 E 58th St,New York,NY,E,Public,3.0,0.0,Tesla Destination,https://www.tesla.com/destination-charging,200-9,40.76161,-73.96775,115019,2021-03-11 23:22:17 UTC,2016-05-01,J1772 TESLA,US,public,PAY_GARAGE,Free,False
ELEC,Rapidpark 150 East 77th Street - Tesla Destination,150 E 77th St,New York,NY,E,Public,3.0,0.0,Tesla Destination,https://www.tesla.com/destination-charging,200-8,40.773472,-73.95992,115020,2021-03-11 23:22:17 UTC,2018-11-01,J1772 TESLA,US,public,PAY_GARAGE,Free,False
ELEC,Standard Parking 151 W 17th Street - Tesla Destination,151 W 17th St,New York,NY,E,Public,3.0,0.0,Tesla Destination,https://www.tesla.com/destination-charging,200-9,40.740728,-73.997493,115021,2021-03-11 23:22:17 UTC,2017-09-01,J1772 TESLA,US,public,PAY_GARAGE,Free,False
ELEC,Icon Parking 155 E 29th Street - Tesla Destination,155 E 29th St,New York,NY,E,Public,3.0,0.0,Tesla Destination,https://www.tesla.com/destination-charging,200-9,40.742968,-73.980565,115022,2021-03-11 23:22:17 UTC,2016-05-01,J1772 TESLA,US,public,HOTEL,Free,False
ELEC,City Parking Garment One Garage - Tesla Destination,155 E 34th St,New York,NY,E,Public,3.0,0.0,Tesla Destination,https://www.tesla.com/destination-charging,200-9,40.7462,-73.978528,115023,2021-03-11 23:22:17 UTC,2017-09-01,J1772 TESLA,US,public,PAY_GARAGE,Free,False
ELEC,Prime Parking Systems - 155 E 68th Street - Tesla Destination,155 E 68th St,New York,NY,E,Public,3.0,0.0,Tesla Destination,https://www.tesla.com/destination-charging,200-8,40.768032,-73.963983,115024,2021-03-11 23:22:17 UTC,2016-01-01,J1772 TESLA,US,public,PAY_GARAGE,Free,False
ELEC,Champion Parking W 53rd Street - Tesla Destination,159 W 53rd St,New York,NY,E,Public,3.0,0.0,Tesla Destination,https://www.tesla.com/destination-charging,200-9,40.763,-73.981278,115025,2021-03-11 23:22:17 UTC,2016-01-01,J1772 TESLA,US,public,PAY_GARAGE,Free,False
ELEC,Icon Parking 16 W 16th Street - Tesla Destination,16 W 16th St,New York,NY,E,Public,3.0,0.0,Tesla Destination,https://www.tesla.com/destination-charging,200-8,40.737595,-73.993837,115026,2021-03-11 23:22:17 UTC,2016-01-01,J1772 TESLA,US,public,PAY_GARAGE,Free,False
ELEC,GGMC Parking Alfred - Tesla Destination,161 W 61st St,New York,NY,E,Public,3.0,0.0,Tesla Destination,https://www.tesla.com/destination-charging,200-9,40.771561,-73.985834,115027,2021-03-11 23:22:17 UTC,2017-03-01,J1772 TESLA,US,public,PAY_GARAGE,Free,False
ELEC,iPark NYC E 77th Street - Tesla Destination,165 E 77th St,New York,NY,E,Public,3.0,0.0,Tesla Destination,https://www.tesla.com/destination-charging,200-8,40.77364,-73.959302,115028,2021-03-11 23:22:17 UTC,2016-03-01,J1772 TESLA,US,public,PAY_GARAGE,Free,False
ELEC,Parkright 169 Ludlow Street - Tesla Destination,169 Ludlow St,New York,NY,E,Public,3.0,0.0,Tesla Destination,https://www.tesla.com/destination-charging,200-9,40.721724,-73.987776,115029,2021-03-11 23:22:17 UTC,2018-11-01,J1772 TESLA,US,public,PAY_GARAGE,Free,False
ELEC,Icon Parking 169 W 95th Street - Tesla Destination,169  W 95th St,New York,NY,E,Public,3.0,0.0,Tesla Destination,https://www.tesla.com/destination-charging,200-9,40.793528,-73.97024,115030,2021-03-11 23:22:17 UTC,2016-05-01,J1772 TESLA,US,public,PAY_GARAGE,Free,False
ELEC,Residence Inn New York Manhattan - Tesla Destination,1717 Broadway,New York,NY,E,Public,2.0,0.0,Tesla Destination,https://www.tesla.com/destination-charging,200-9,40.764369,-73.982707,115031,2021-03-11 23:22:17 UTC,2016-01-01,J1772 TESLA,US,public,HOTEL,Free,False
ELEC,Quikpark 173 W 12th Street - Tesla Destination,173 W 12th St,New York,NY,E,Public,3.0,0.0,Tesla Destination,https://www.tesla.com/destination-charging,200-8,40.7372,-74.00007,115032,2021-03-11 23:22:17 UTC,2017-09-01,J1772 TESLA,US,public,PAY_GARAGE,Free,False
ELEC,Quik Park Hudson 180 LLC - Tesla Destination,180 Riverside Blvd,New York,NY,E,Public,3.0,0.0,Tesla Destination,https://www.tesla.com/destination-charging,200-9,40.778397,-73.987899,115033,2021-03-11 23:22:17 UTC,2016-01-01,J1772 TESLA,US,public,PAY_GARAGE,Free,False
ELEC,iPark NYC 183 E 73rd Street - Tesla Destination,184 E 73rd St,New York,NY,E,Public,3.0,0.0,Tesla Destination,https://www.tesla.com/destination-charging,200-8,40.770442,-73.960649,115034,2021-03-11 23:22:17 UTC,2016-05-01,J1772 TESLA,US,public,HOTEL,Free,False
ELEC,Icon Parking 240 East Broadway - Tesla Destination,188 Clinton St,New York,NY,E,Public,3.0,0.0,Tesla Destination,https://www.tesla.com/destination-charging,200-8,40.715074,-73.986927,115035,2021-03-11 23:22:17 UTC,2018-11-01,J1772 TESLA,US,public,PAY_GARAGE,Free,False
ELEC,Glenwood Grand Tier Parking - Tesla Destination,1930 Broadway,New York,NY,E,Public,2.0,0.0,Tesla Destination,https://www.tesla.com/destination-charging,200-9,40.772436,-73.981695,115036,2021-03-11 23:22:17 UTC,2017-09-01,TESLA,US,public,PAY_GARAGE,Free,False
ELEC,Standard Parking 20 W 13th Street - Tesla Destination,20 W 13th St,New York,NY,E,Public,3.0,0.0,Tesla Destination,https://www.tesla.com/destination-charging,200-8,40.735594,-73.995291,115037,2021-03-11 23:22:17 UTC,2017-03-01,J1772 TESLA,US,public,PAY_GARAGE,Free,False
ELEC,Central Parking 200 Chambers - Tesla Destination,200 Chambers St,New York,NY,E,Public,3.0,0.0,Tesla Destination,https://www.tesla.com/destination-charging,200-9,40.716579,-74.012393,115038,2021-03-11 23:22:17 UTC,2018-11-01,J1772 TESLA,US,public,PAY_GARAGE,Free,False
ELEC,Icon Parking 200 E 32nd Street - Tesla Destination,200 E 32nd St,New York,NY,E,Public,3.0,0.0,Tesla Destination,https://www.tesla.com/destination-charging,200-9,40.744029,-73.978952,115039,2021-03-11 23:22:17 UTC,2017-03-01,J1772 TESLA,US,public,PAY_GARAGE,Free,False
ELEC,Icon Parking 200 E 65th Street - Tesla Destination,200 E 65th St,New York,NY,E,Public,3.0,0.0,Tesla Destination,https://www.tesla.com/destination-charging,200-9,40.764777,-73.963555,115040,2021-03-11 23:22:17 UTC,2017-09-01,J1772 TESLA,US,public,PAY_GARAGE,Free,False
ELEC,Enterprise Parking 200 E 69th St - Tesla Destination,200 E 69th St,New York,NY,E,Public,2.0,0.0,Tesla Destination,https://www.tesla.com/destination-charging,200-9,40.767289,-73.961762,115041,2021-03-11 23:22:17 UTC,2016-11-01,TESLA,US,public,PAY_GARAGE,Free,False
ELEC,iPark 200 E 70th Street - Tesla Destination,200 E 70th St,New York,NY,E,Public,3.0,0.0,Tesla Destination,https://www.tesla.com/destination-charging,200-8,40.768244,-73.961621,115042,2021-03-11 23:22:17 UTC,2016-12-15,J1772 TESLA,US,public,PAY_GARAGE,Free,False
ELEC,iPark NYC The Carnegie Garage - Tesla Destination,200 E 94th St,New York,NY,E,Public,3.0,0.0,Tesla Destination,https://www.tesla.com/destination-charging,200-9,40.783355,-73.949998,115043,2021-03-11 23:22:17 UTC,2016-09-01,J1772 TESLA,US,public,PAY_GARAGE,Free,False
ELEC,GMC Copley Parking - Tesla Destination,2000 Broadway,New York,NY,E,Public,3.0,0.0,Tesla Destination,https://www.tesla.com/destination-charging,200-9,40.775496,-73.981552,115044,2021-03-11 23:22:17 UTC,2017-09-01,TESLA,US,public,PAY_GARAGE,Free,False
ELEC,MPG 201 E 56th - Tesla Destination,201 E 56th,New York,NY,E,Public,3.0,0.0,Tesla Destination,https://www.tesla.com/destination-charging,200-8,40.759764,-73.967956,115045,2021-03-11 23:22:17 UTC,2018-11-01,J1772 TESLA,US,public,PAY_GARAGE,Free,False
ELEC,Icon Parking 203 E 61 Street - Tesla Destination,203 E 61 St,New York,NY,E,Public,3.0,0.0,Tesla Destination,https://www.tesla.com/destination-charging,200-8,40.762948,-73.965513,115046,2021-03-11 23:22:17 UTC,2016-05-01,J1772 TESLA,US,public,PAY_GARAGE,Free,False
ELEC,Rapidpark 204 W 101st Street - Tesla Destination,204 W 101st St,New York,NY,E,Public,3.0,0.0,Tesla Destination,https://www.tesla.com/destination-charging,200-9,40.797283,-73.968766,115047,2021-03-11 23:22:17 UTC,2017-09-01,J1772 TESLA,US,public,PAY_GARAGE,Free,False
ELEC,Champion Parking W 76th Street - Tesla Destination,205 W 76th St,New York,NY,E,Public,3.0,0.0,Tesla Destination,https://www.tesla.com/destination-charging,200-9,40.78168,-73.97994,115048,2021-03-11 23:22:17 UTC,2016-01-01,J1772 TESLA,US,public,PAY_GARAGE,Free,False
ELEC,Icon Parking 810 Seventh Ave - Tesla Destination,207  W 52nd St,New York,NY,E,Public,3.0,0.0,Tesla Destination,https://www.tesla.com/destination-charging,200-8,40.762891,-73.983151,115049,2021-03-11 23:22:17 UTC,2016-08-15,J1772 TESLA,US,public,PAY_GARAGE,Free,False
ELEC,Standard Parking 21 East 15th Street - Tesla Destination,21 E 15th St,New York,NY,E,Public,3.0,0.0,Tesla Destination,https://www.tesla.com/destination-charging,200-8,40.73644,-73.992027,115050,2021-03-11 23:22:17 UTC,2016-12-15,J1772 TESLA,US,public,PAY_GARAGE,Free,False
ELEC,Rapidpark 210 W 102nd Street - Tesla Destination,210 W 102st St,New York,NY,E,Public,3.0,0.0,Tesla Destination,https://www.tesla.com/destination-charging,200-9,40.797961,-73.968389,115051,2021-03-11 23:22:17 UTC,2017-09-01,J1772 TESLA,US,public,PAY_GARAGE,Free,False
ELEC,Champion Parking 74 LLC - Tesla Destination,2109  Broadway,New York,NY,E,Public,3.0,0.0,Tesla Destination,https://www.tesla.com/destination-charging,200-9,40.780143,-73.98221,115052,2021-03-11 23:22:17 UTC,2018-11-01,J1772 TESLA,US,public,PAY_GARAGE,Free,False
ELEC,GGMC Parking Seven Eleven (Located at 217 E 44th St) - Tesla Destination,217 E 44th St,New York,NY,E,Public,3.0,0.0,Tesla Destination,https://www.tesla.com/destination-charging,200-8,40.752004,-73.972808,115053,2021-03-11 23:22:17 UTC,2016-01-01,J1772 TESLA,US,public,PAY_GARAGE,Free,False
ELEC,Icon Parking 220 Riverside Blvd - Tesla Destination,220 Riverside Blvd,New York,NY,E,Public,6.0,0.0,Tesla Destination,https://www.tesla.com/destination-charging,200-9,40.77975,-73.987272,115054,2021-03-11 23:22:17 UTC,2016-01-01,J1772 TESLA,US,public,PAY_GARAGE,Free,False
ELEC,iPark 200 West Garage Corp. - Tesla Destination,220 W 26th St,New York,NY,E,Public,3.0,0.0,Tesla Destination,https://www.tesla.com/destination-charging,200-9,40.746142,-73.995221,115055,2021-03-11 23:22:17 UTC,2018-11-01,J1772 TESLA,US,public,PAY_GARAGE,Free,False
ELEC,Parkit 221 Thompson Street - Tesla Destination,221  Thompson St,New York,NY,E,Public,3.0,0.0,Tesla Destination,https://www.tesla.com/destination-charging,200-9,40.729372,-73.999217,115056,2021-03-11 23:22:17 UTC,2016-01-01,J1772 TESLA,US,public,PAY_GARAGE,Free,False
ELEC,Icon Parking 225 W 83 Street - Tesla Destination,225  W 83rd St,New York,NY,E,Public,3.0,0.0,Tesla Destination,https://www.tesla.com/destination-charging,200-9,40.786371,-73.977357,115058,2021-03-11 23:22:17 UTC,2016-05-01,J1772 TESLA,US,public,PAY_GARAGE,Free,False
ELEC,Quik Park Broadway Garage LLC - Tesla Destination,225-251  W 56th St,New York,NY,E,Public,3.0,0.0,Tesla Destination,https://www.tesla.com/destination-charging,200-8,40.765735,-73.982101,115059,2021-03-11 23:22:17 UTC,2018-11-01,J1772 TESLA,US,public,PAY_GARAGE,Free,False
ELEC,GGMC Yorkville Car Park - Tesla Destination,230 E 92nd St,New York,NY,E,Public,3.0,0.0,Tesla Destination,https://www.tesla.com/destination-charging,200-8,40.782163,-73.95059,115060,2021-03-11 23:22:17 UTC,2017-03-01,J1772 TESLA,US,public,PAY_GARAGE,Free,False
ELEC,Champion Parking 230 W 55th Street - Tesla Destination,230 W 55th St,New York,NY,E,Public,3.0,0.0,Tesla Destination,https://www.tesla.com/destination-charging,200-9,40.764693,-73.982708,115061,2021-03-11 23:22:17 UTC,2016-01-01,J1772 TESLA,US,public,PAY_GARAGE,Free,False
ELEC,Icon Parking 237 West Thames - Tesla Destination,237 W Thames,New York,NY,E,Public,3.0,0.0,Tesla Destination,https://www.tesla.com/destination-charging,200-8,40.708465,-74.016762,115062,2021-03-11 23:22:17 UTC,2018-11-01,J1772 TESLA,US,public,PAY_GARAGE,Free,False
ELEC,Icon 299 Peal Street Seaport Parking - Tesla Destination,238 Pearl St,New York,NY,E,Public,3.0,0.0,Tesla Destination,https://www.tesla.com/destination-charging,200-8,40.70736,-74.004989,115063,2021-03-11 23:22:17 UTC,2016-08-15,J1772 TESLA,US,public,PAY_GARAGE,Free,False
ELEC,iPark 245 East 63rd Street - Tesla Destination,245 East 63rd St,New York,NY,E,Public,3.0,0.0,Tesla Destination,https://www.tesla.com/destination-charging,200-8,40.763562,-73.963079,115065,2021-03-11 23:22:17 UTC,2018-11-01,J1772 TESLA,US,public,PAY_GARAGE,Free,False
ELEC,GGMC Ruppert Car Park - Tesla Destination,245 E 90th St,New York,NY,E,Public,3.0,0.0,Tesla Destination,https://www.tesla.com/destination-charging,200-8,40.780918,-73.950526,115066,2021-03-11 23:22:17 UTC,2018-11-01,J1772 TESLA,US,public,PAY_GARAGE,Free,False
ELEC,iPark NYC 246 E 45 Street - Tesla Destination,246  E 45th St,New York,NY,E,Public,3.0,0.0,Tesla Destination,https://www.tesla.com/destination-charging,200-8,40.751676,-73.971144,115067,2021-03-11 23:22:17 UTC,2016-06-01,J1772 TESLA,US,public,PAY_GARAGE,Free,False
ELEC,iPark NYC 250 West Parking - Tesla Destination,250  W 19th St,New York,NY,E,Public,3.0,0.0,Tesla Destination,https://www.tesla.com/destination-charging,200-8,40.742179,-73.999226,115068,2021-03-11 23:22:17 UTC,2015-03-01,J1772 TESLA,US,public,PAY_GARAGE,Free,False
ELEC,Quik Park Columbia Garage LLC - Tesla Destination,250 W. 97th St,New York,NY,E,Public,3.0,0.0,Tesla Destination,https://www.tesla.com/destination-charging,200-8,40.795279,-73.971688,115069,2021-03-11 23:22:17 UTC,2016-01-01,J1772 TESLA,US,public,PAY_GARAGE,Free,False
ELEC,Quik Park 40 Riverside Blvd - Tesla Destination,251 W 62nd St,New York,NY,E,Public,3.0,0.0,Tesla Destination,https://www.tesla.com/destination-charging,200-8,40.773464,-73.989532,115070,2021-03-11 23:22:17 UTC,2016-08-15,J1772 TESLA,US,public,PAY_GARAGE,Free,False
ELEC,Rapidpark 25-27 Beekman Street - Tesla Destination,25-27 Beekman St,New York,NY,E,Public,3.0,0.0,Tesla Destination,https://www.tesla.com/destination-charging,200-9,40.710628,-74.006186,115071,2021-03-11 23:22:17 UTC,2017-09-01,J1772 TESLA,US,public,PAY_GARAGE,Free,False
ELEC,Rapidpark 254 W 79th Street - Tesla Destination,254 W 79th St,New York,NY,E,Public,3.0,0.0,Tesla Destination,https://www.tesla.com/destination-charging,200-8,40.78386,-73.980521,115072,2021-03-11 23:22:17 UTC,2017-09-01,J1772 TESLA,US,public,PAY_GARAGE,Free,False
ELEC,MPG 266 E 97 St - Tesla Destination,266 E 97th St,New York,NY,E,Public,3.0,0.0,Tesla Destination,https://www.tesla.com/destination-charging,200-8,40.784771,-73.946728,115073,2021-03-11 23:22:17 UTC,2017-09-01,J1772 TESLA,US,public,PAY_GARAGE,Free,False
ELEC,Parkit 27 N Moore Street - Tesla Destination,27  N Moore St,New York,NY,E,Public,3.0,0.0,Tesla Destination,https://www.tesla.com/destination-charging,200-9,40.720215,-74.007465,115074,2021-03-11 23:22:17 UTC,2016-01-01,J1772 TESLA,US,public,PAY_GARAGE,Free,False
ELEC,iPark 455 Central Park West - Tesla Destination,27  W 105th St,New York,NY,E,Public,3.0,0.0,Tesla Destination,https://www.tesla.com/destination-charging,200-8,40.797875,-73.961228,115075,2021-03-11 23:22:17 UTC,2016-08-15,J1772 TESLA,US,public,PAY_GARAGE,Free,False
ELEC,Standard Parking 270 Greenwich - Tesla Destination,270 Greenwich St,New York,NY,E,Public,3.0,0.0,Tesla Destination,https://www.tesla.com/destination-charging,200-9,40.715543,-74.011435,115076,2021-03-11 23:22:17 UTC,2018-11-01,J1772 TESLA,US,public,PAY_GARAGE,Free,False
ELEC,Icon Parking 279 East 65th Street - Tesla Destination,279 E 65th St,New York,NY,E,Public,3.0,0.0,Tesla Destination,https://www.tesla.com/destination-charging,200-8,40.764758,-73.962042,115077,2021-03-11 23:22:17 UTC,2018-11-01,J1772 TESLA,US,public,PAY_GARAGE,Free,False
ELEC,ABM Parking Services 285 W 50th Street LLC - Tesla Destination,285 W 50th St,New York,NY,E,Public,3.0,0.0,Tesla Destination,https://www.tesla.com/destination-charging,200-8,40.762337,-73.985727,115078,2021-03-11 23:22:17 UTC,2016-01-01,J1772 TESLA,US,public,PAY_GARAGE,Free,False
ELEC,Parkright 39 E 29th Street - Tesla Destination,29 East 29th St,New York,NY,E,Public,3.0,0.0,Tesla Destination,https://www.tesla.com/destination-charging,200-8,40.744551,-73.984535,115079,2021-03-11 23:22:17 UTC,2016-01-01,J1772 TESLA,US,public,HOTEL,Free,False
ELEC,iPark 3 E 67th Street - Tesla Destination,3 E 67th St,New York,NY,E,Public,3.0,0.0,Tesla Destination,https://www.tesla.com/destination-charging,200-8,40.769386,-73.969137,115080,2021-03-11 23:22:17 UTC,2017-03-01,J1772 TESLA,US,public,PAY_GARAGE,Free,False
ELEC,Icon Parking 30 W 63rd St - Tesla Destination,30 W 63rd St,New York,NY,E,Public,2.0,0.0,Tesla Destination,https://www.tesla.com/destination-charging,200-9,40.770769,-73.981573,115081,2021-03-11 23:22:17 UTC,2016-11-01,TESLA,US,public,PAY_GARAGE,Free,False
ELEC,GGMC Parking Connaught - Tesla Destination,300  E 54th St,New York,NY,E,Public,3.0,0.0,Tesla Destination,https://www.tesla.com/destination-charging,200-9,40.756956,-73.966399,115082,2021-03-11 23:22:17 UTC,2017-03-01,J1772 TESLA,US,public,PAY_GARAGE,Free,False
ELEC,Icon Parking 300 E 59th Street - Tesla Destination,300 E 59th St,New York,NY,E,Public,3.0,0.0,Tesla Destination,https://www.tesla.com/destination-charging,200-8,40.760421,-73.964418,115083,2021-03-11 23:22:17 UTC,2016-05-01,J1772 TESLA,US,public,PAY_GARAGE,Free,False
ELEC,GGMC Parking E 74th Street - Tesla Destination,300  E 74th St,New York,NY,E,Public,3.0,0.0,Tesla Destination,https://www.tesla.com/destination-charging,200-8,40.769925,-73.957476,115084,2021-03-11 23:22:17 UTC,2017-03-01,J1772 TESLA,US,public,PAY_GARAGE,Free,False
ELEC,Parkright 300 E 77th St - Tesla Destination,300 East 77th St,New York,NY,E,Public,3.0,0.0,Tesla Destination,https://www.tesla.com/destination-charging,200-9,40.771689,-73.955816,115085,2021-03-11 23:22:17 UTC,2016-01-01,J1772 TESLA,US,public,HOTEL,Free,False
ELEC,Icon Parking 301 E 57 Street - Tesla Destination,301 E 57th St,New York,NY,E,Public,3.0,0.0,Tesla Destination,https://www.tesla.com/destination-charging,200-8,40.759484,-73.965206,115086,2021-03-11 23:22:17 UTC,2016-05-01,J1772 TESLA,US,public,PAY_GARAGE,Free,False
ELEC,Parkit 301 E 64th - Tesla Destination,301 E 64th St,New York,NY,E,Public,3.0,0.0,Tesla Destination,https://www.tesla.com/destination-charging,200-8,40.76389,-73.961892,115087,2021-03-11 23:22:17 UTC,2016-01-01,J1772 TESLA,US,public,PAY_GARAGE,Free,False
ELEC,Icon Parking 308 Greenwich - Tesla Destination,308 Greenwich St,New York,NY,E,Public,3.0,0.0,Tesla Destination,https://www.tesla.com/destination-charging,200-9,40.717568,-74.011042,115088,2021-03-11 23:22:17 UTC,2016-05-01,J1772 TESLA,US,public,HOTEL,Free,False
ELEC,Parkit 310 E 11th Street - Tesla Destination,310  E 11th St,New York,NY,E,Public,3.0,0.0,Tesla Destination,https://www.tesla.com/destination-charging,200-9,40.729871,-73.98568,115089,2021-03-11 23:22:17 UTC,2017-03-01,J1772 TESLA,US,public,PAY_GARAGE,Free,False
ELEC,Waldorf Astoria New York - Tesla Destination,310 Park Ave,New York,NY,E,Public,2.0,0.0,Tesla Destination,https://www.tesla.com/destination-charging,200-8,40.757047,-73.974455,115090,2021-03-11 23:22:17 UTC,2018-11-01,TESLA,US,public,HOTEL,Free,False
ELEC,Quik Park 311 West Broadway LLC - Tesla Destination,311 W Broadway,New York,NY,E,Public,2.0,0.0,Tesla Destination,https://www.tesla.com/destination-charging,200-9,40.721638,-74.003781,115091,2021-03-11 23:22:17 UTC,2016-01-01,TESLA,US,public,PAY_GARAGE,Free,False
ELEC,Icon Parking 322 23rd Street - Tesla Destination,318-322  E 23rd St,New York,NY,E,Public,3.0,0.0,Tesla Destination,https://www.tesla.com/destination-charging,200-8,40.737362,-73.980167,115092,2021-03-11 23:22:17 UTC,2018-11-01,J1772 TESLA,US,public,PAY_GARAGE,Free,False
ELEC,Quik Park 32 Debrosses LLC - Tesla Destination,32 Debrosses St,New York,NY,E,Public,3.0,0.0,Tesla Destination,https://www.tesla.com/destination-charging,200-8,40.723702,-74.010335,115093,2021-03-11 23:22:17 UTC,2016-01-01,J1772 TESLA,US,public,PAY_GARAGE,Free,False
ELEC,Glenwood Belmont Parking - Tesla Destination,320 E 46th St,New York,NY,E,Public,2.0,0.0,Tesla Destination,https://www.tesla.com/destination-charging,200-8,40.751784,-73.969463,115094,2021-03-11 23:22:17 UTC,2018-11-01,J1772 TESLA,US,public,PAY_GARAGE,Free,False
ELEC,Champion Parking W 57th Street - Tesla Destination,320 W 57th St,New York,NY,E,Public,3.0,0.0,Tesla Destination,https://www.tesla.com/destination-charging,200-9,40.767194,-73.984544,115095,2021-03-11 23:22:17 UTC,2016-01-01,J1772 TESLA,US,public,PAY_GARAGE,Free,False
ELEC,GGMC Parking 8 E 33rd St Garage - Tesla Destination,325  East 5th Ave,New York,NY,E,Public,3.0,0.0,Tesla Destination,https://www.tesla.com/destination-charging,200-9,40.74733,-73.984857,115096,2021-03-11 23:22:17 UTC,2016-01-01,J1772 TESLA,US,public,PAY_GARAGE,Free,False
ELEC,Icon Parking E 48th Street - Tesla Destination,329 E 48th St,New York,NY,E,Public,3.0,0.0,Tesla Destination,https://www.tesla.com/destination-charging,200-8,40.75323,-73.96799,115097,2021-03-11 23:22:17 UTC,2016-01-01,J1772 TESLA,US,public,PAY_GARAGE,Free,False
ELEC,Icon Parking 330 E 39th Street - Tesla Destination,330  E 39th St,New York,NY,E,Public,3.0,0.0,Tesla Destination,https://www.tesla.com/destination-charging,200-9,40.747123,-73.972257,115098,2021-03-11 23:22:17 UTC,2016-06-01,J1772 TESLA,US,public,PAY_GARAGE,Free,False
ELEC,Icon Parking 330 W 58th Street - Tesla Destination,330  W 58th St,New York,NY,E,Public,3.0,0.0,Tesla Destination,https://www.tesla.com/destination-charging,200-8,40.767725,-73.983646,115099,2021-03-11 23:22:17 UTC,2016-01-01,J1772 TESLA,US,public,PAY_GARAGE,Free,False
ELEC,Apple Parking 332 W 11th Street - Tesla Destination,332 W 11th St,New York,NY,E,Public - Call ahead,3.0,0.0,Tesla Destination,https://www.tesla.com/destination-charging,200-9,40.735404,-74.007717,115100,2021-03-11 23:22:17 UTC,2017-03-01,TESLA,US,public,PAY_GARAGE,Free,False
ELEC,iPark NYC 333 E 38th NYU - Tesla Destination,333 E 38th St,New York,NY,E,Public,3.0,0.0,Tesla Destination,https://www.tesla.com/destination-charging,200-8,40.746891,-73.972547,115101,2021-03-11 23:22:17 UTC,2016-03-01,J1772 TESLA,US,public,PAY_GARAGE,Free,False
ELEC,Standard Parking Gateway Plaza Garage - Tesla Destination,339 South End Ave,New York,NY,E,Public,3.0,0.0,Tesla Destination,https://www.tesla.com/destination-charging,200-8,40.710652,-74.016396,115102,2021-03-11 23:22:17 UTC,2017-09-01,J1772 TESLA,US,public,PAY_GARAGE,Free,False
ELEC,MPG 340 East 93rd - Tesla Destination,340 E 93rd St,New York,NY,E,Public,3.0,0.0,Tesla Destination,https://www.tesla.com/destination-charging,200-8,40.781375,-73.946721,115103,2021-03-11 23:22:17 UTC,2018-11-01,J1772 TESLA,US,public,PAY_GARAGE,Free,False
ELEC,Rapidpark 340 94th Street - Tesla Destination,340 E 94th St,New York,NY,E,Public - Call ahead,3.0,0.0,Tesla Destination,https://www.tesla.com/destination-charging,200-8,40.781961,-73.946209,115104,2021-03-11 23:22:17 UTC,2016-01-01,J1772 TESLA,US,public,PAY_GARAGE,Free,False
ELEC,iPark NYC 345 East Garage - Tesla Destination,345 East 80th St,New York,NY,E,Public,3.0,0.0,Tesla Destination,https://www.tesla.com/destination-charging,200-9,40.773471,-73.952304,115105,2021-03-11 23:22:17 UTC,2016-01-01,J1772 TESLA,US,public,PAY_GARAGE,Free,False
ELEC,Rapidpark 35 E 75th Street - Tesla Destination,35  E 75th St,New York,NY,E,Public,3.0,0.0,Tesla Destination,https://www.tesla.com/destination-charging,200-8,40.773815,-73.963696,115106,2021-03-11 23:22:17 UTC,2017-09-01,J1772 TESLA,US,public,PAY_GARAGE,Free,False
ELEC,"The Carlyle Hotel, A Rosewood Hotel - Tesla Destination",35  E 76th St,New York,NY,E,Public,2.0,0.0,Tesla Destination,https://www.tesla.com/destination-charging,200-9,40.774308,-73.963182,115107,2021-03-11 23:22:17 UTC,2016-01-01,J1772 TESLA,US,public,HOTEL,Free,False
ELEC,Quik Park 82nd Street LLC - Tesla Destination,350 E. 82nd St,New York,NY,E,Public,3.0,0.0,Tesla Destination,https://www.tesla.com/destination-charging,200-9,40.774316,-73.951909,115108,2021-03-11 23:22:17 UTC,2016-01-01,J1772 TESLA,US,public,PAY_GARAGE,Free,False
ELEC,GGMC Parking 350 W 43rd Street Garage - Tesla Destination,350 West 43rd St,New York,NY,E,Public,3.0,0.0,Tesla Destination,https://www.tesla.com/destination-charging,200-9,40.758503,-73.991285,115109,2021-03-11 23:22:17 UTC,2016-01-01,J1772 TESLA,US,public,PAY_GARAGE,Free,False
ELEC,Rapidpark 351 East 83rd - Tesla Destination,351  E 83rd,New York,NY,E,Public,3.0,0.0,Tesla Destination,https://www.tesla.com/destination-charging,200-8,40.775208,-73.950978,115110,2021-03-11 23:22:17 UTC,2018-11-01,J1772 TESLA,US,public,PAY_GARAGE,Free,False
ELEC,Icon Parking 35-39 East 61st Street - Tesla Destination,35-39  E 61st St,New York,NY,E,Public,3.0,0.0,Tesla Destination,https://www.tesla.com/destination-charging,200-8,40.764876,-73.970102,115111,2021-03-11 23:22:17 UTC,2016-11-01,J1772 TESLA,US,public,PAY_GARAGE,Free,False
ELEC,Icon 376 Greenwich Street - Tesla Destination,376 Greenwich St,New York,NY,E,Public,3.0,0.0,Tesla Destination,https://www.tesla.com/destination-charging,200-8,40.719814,-74.010394,115112,2021-03-11 23:22:17 UTC,2017-09-01,J1772 TESLA,US,public,PAY_GARAGE,Free,False
ELEC,iPark NYU 377 E 33rd Street - Tesla Destination,377 E 33rd St,New York,NY,E,Public,3.0,0.0,Tesla Destination,https://www.tesla.com/destination-charging,200-9,40.743382,-73.974251,115113,2021-03-11 23:22:17 UTC,2017-09-01,J1772 TESLA,US,public,PAY_GARAGE,Free,False
ELEC,Icon Parking 111 8th Ave Parking - Tesla Destination,385  W 15th St,New York,NY,E,Public,4.0,0.0,Tesla Destination,https://www.tesla.com/destination-charging,200-8,40.741669,-74.004397,115114,2021-03-11 23:22:17 UTC,2017-03-01,TESLA,US,public,PAY_GARAGE,Free,False
ELEC,iPark 386 E 48th Street - Tesla Destination,386 E 48th St,New York,NY,E,Public,3.0,0.0,Tesla Destination,https://www.tesla.com/destination-charging,200-8,40.751772,-73.964999,115115,2021-03-11 23:22:17 UTC,2017-03-01,J1772 TESLA,US,public,PAY_GARAGE,Free,False
ELEC,Icon Parking Wall Park - Tesla Destination,39  Exchange Pl,New York,NY,E,Public,3.0,0.0,Tesla Destination,https://www.tesla.com/destination-charging,200-8,40.706109,-74.010148,115116,2021-03-11 23:22:17 UTC,2017-03-01,J1772 TESLA,US,public,PAY_GARAGE,Free,False
ELEC,GGMC Parking Carnegie Garage - Tesla Destination,40 E 94th St,New York,NY,E,Public,3.0,0.0,Tesla Destination,https://www.tesla.com/destination-charging,200-9,40.785524,-73.95496,115117,2021-03-11 23:22:17 UTC,2018-11-01,J1772 TESLA,US,public,PAY_GARAGE,Free,False
ELEC,City Parking RL Mercer Street - Tesla Destination,40  Mercer St,New York,NY,E,Public,3.0,0.0,Tesla Destination,https://www.tesla.com/destination-charging,200-9,40.721244,-74.00092,115118,2021-03-11 23:22:17 UTC,2017-09-01,J1772 TESLA,US,public,PAY_GARAGE,Free,False
ELEC,Icon Parking 40 W 26th Street - Tesla Destination,40 W 26th St,New York,NY,E,Public - Call ahead,3.0,0.0,Tesla Destination,https://www.tesla.com/destination-charging,200-8,40.743961,-73.989912,115119,2021-03-11 23:22:17 UTC,2016-05-01,J1772 TESLA,US,public,PAY_GARAGE,Free,False
ELEC,iPark NYC 400 E 35th NYU - Tesla Destination,400 E 35th St,New York,NY,E,Public,3.0,0.0,Tesla Destination,https://www.tesla.com/destination-charging,200-8,40.744093,-73.972689,115120,2021-03-11 23:22:17 UTC,2016-01-01,J1772 TESLA,US,public,PAY_GARAGE,Free,False
ELEC,Icon Liberty View Parking - Tesla Destination,400 Murray St,New York,NY,E,Public,3.0,0.0,Tesla Destination,https://www.tesla.com/destination-charging,GPS,40.716079,-74.015929,115121,2021-03-11 23:22:17 UTC,2017-09-01,J1772 TESLA,US,public,PAY_GARAGE,Free,False
ELEC,Champion Parking 113 LLC - Tesla Destination,400 W 113th St,New York,NY,E,Public,3.0,0.0,Tesla Destination,https://www.tesla.com/destination-charging,200-9,40.804007,-73.960887,115122,2021-03-11 23:22:17 UTC,2018-11-01,J1772 TESLA,US,public,PAY_GARAGE,Free,False
ELEC,Propark 401 W 110th Street - Tesla Destination,401 W 110th St,New York,NY,E,Public,3.0,0.0,Tesla Destination,https://www.tesla.com/destination-charging,200-9,40.802368,-73.961689,115123,2021-03-11 23:22:17 UTC,2017-09-01,J1772 TESLA,US,public,PAY_GARAGE,Free,False
ELEC,Parkit 403 Lafayette St. - Tesla Destination,403 Lafayette St,New York,NY,E,Public,3.0,0.0,Tesla Destination,https://www.tesla.com/destination-charging,200-9,40.728137,-73.992393,115124,2021-03-11 23:22:17 UTC,2015-03-01,J1772 TESLA,US,public,PAY_GARAGE,Free,False
ELEC,iPark 41 E 85th Street - Tesla Destination,41 E 85th St,New York,NY,E,Public,3.0,0.0,Tesla Destination,https://www.tesla.com/destination-charging,200-8,40.780305,-73.959091,115125,2021-03-11 23:22:17 UTC,2016-12-15,J1772 TESLA,US,public,PAY_GARAGE,Free,False
ELEC,Rapidpark 411 W 55th Street - Tesla Destination,411 W 55th St,New York,NY,E,Public,3.0,0.0,Tesla Destination,https://www.tesla.com/destination-charging,200-9,40.767111,-73.987232,115126,2021-03-11 23:22:17 UTC,2017-09-01,J1772 TESLA,US,public,PAY_GARAGE,Free,False
ELEC,GGMC Parking 415 E 79th - Tesla Destination,415 E 79th St,New York,NY,E,Public,3.0,0.0,Tesla Destination,https://www.tesla.com/destination-charging,200-8,40.772197,-73.95183,115127,2021-03-11 23:22:17 UTC,2017-03-01,J1772 TESLA,US,public,PAY_GARAGE,Free,False
ELEC,Icon Parking Sutton 53 - Tesla Destination,417 E 53rd St,New York,NY,E,Public,3.0,0.0,Tesla Destination,https://www.tesla.com/destination-charging,200-8,40.755371,-73.963368,115128,2021-03-11 23:22:17 UTC,2018-11-01,J1772 TESLA,US,public,PAY_GARAGE,Free,False
ELEC,Icon Parking Independent - Tesla Destination,417  E 71st St,New York,NY,E,Public,3.0,0.0,Tesla Destination,https://www.tesla.com/destination-charging,200-8,40.766976,-73.955645,115129,2021-03-11 23:22:17 UTC,2017-09-01,J1772 TESLA,US,public,PAY_GARAGE,Free,False
ELEC,GMC Parking 420 E 53rd - Tesla Destination,420 E 53rd St,New York,NY,E,Public,1.0,0.0,Tesla Destination,https://www.tesla.com/destination-charging,200-8,40.755013,-73.963549,115130,2021-03-11 23:22:17 UTC,2018-11-01,TESLA,US,public,PAY_GARAGE,Free,False
ELEC,Sutton Place North Garage - Tesla Destination,420 E 54th St,New York,NY,E,Public,2.0,0.0,Tesla Destination,https://www.tesla.com/destination-charging,200-9,40.755679,-73.963528,115131,2021-03-11 23:22:17 UTC,2018-11-01,TESLA,US,public,PAY_GARAGE,Free,False
ELEC,imPark 422 E 79th Street - Tesla Destination,422  E 79th St,New York,NY,E,Public,3.0,0.0,Tesla Destination,https://www.tesla.com/destination-charging,200-8,40.771766,-73.951838,115132,2021-03-11 23:22:17 UTC,2017-09-01,J1772 TESLA,US,public,PAY_GARAGE,Free,False
ELEC,Quik Park West 23rd Street Garage LLC - Tesla Destination,423-431  W 23rd St,New York,NY,E,Public,3.0,0.0,Tesla Destination,https://www.tesla.com/destination-charging,200-8,40.746762,-74.001428,115133,2021-03-11 23:22:17 UTC,2015-02-01,J1772 TESLA,US,public,PAY_GARAGE,Free,False
ELEC,iPark NYC 425 E 58th Street - Tesla Destination,425 E 58th St,New York,NY,E,Public,3.0,0.0,Tesla Destination,https://www.tesla.com/destination-charging,200-8,40.758766,-73.961406,115134,2021-03-11 23:22:17 UTC,2016-08-15,J1772 TESLA,US,public,PAY_GARAGE,Free,False
ELEC,City Parking E 61st Street - Tesla Destination,425 E 61st St,New York,NY,E,Public,3.0,0.0,Tesla Destination,https://www.tesla.com/destination-charging,200-9,40.760522,-73.959278,115135,2021-03-11 23:22:17 UTC,2017-09-01,J1772 TESLA,US,public,PAY_GARAGE,Free,False
ELEC,ABM Parking 866 UN Plaza - Tesla Destination,430 E 49th St,New York,NY,E,Public,3.0,0.0,Tesla Destination,https://www.tesla.com/destination-charging,200-8,40.752516,-73.965347,115136,2021-03-11 23:22:17 UTC,2018-11-01,J1772 TESLA,US,public,PAY_GARAGE,Free,False
ELEC,Quikpark 43-08 Crescent Street - Tesla Destination,43-08 Crescent St,New York,NY,E,Public,3.0,0.0,Tesla Destination,https://www.tesla.com/destination-charging,200-8,40.748762,-73.942538,115137,2021-03-11 23:22:17 UTC,2017-09-01,J1772 TESLA,US,public,PAY_GARAGE,Free,False
ELEC,iPark NYC 44 Elizabeth Street - Tesla Destination,44 Elizabeth St,New York,NY,E,Public,3.0,0.0,Tesla Destination,https://www.tesla.com/destination-charging,200-9,40.716947,-73.996472,115138,2021-03-11 23:22:17 UTC,2016-02-01,J1772 TESLA,US,public,PAY_GARAGE,Free,False
ELEC,Quik Park 86th St. LLC - Tesla Destination,444 E 86th St,New York,NY,E,Public,3.0,0.0,Tesla Destination,https://www.tesla.com/destination-charging,200-8,40.775975,-73.947732,115139,2021-03-11 23:22:17 UTC,2016-01-01,J1772 TESLA,US,public,PAY_GARAGE,Free,False
ELEC,Rapidpark 480 Riverside (120th St) - Tesla Destination,480 Riverside Dr,New York,NY,E,Public,3.0,0.0,Tesla Destination,https://www.tesla.com/destination-charging,200-8,40.811206,-73.963782,115140,2021-03-11 23:22:17 UTC,2018-11-01,J1772 TESLA,US,public,PAY_GARAGE,Free,False
ELEC,iPark NYC Central Harlem Garage Corp. - Tesla Destination,49 W 116th St,New York,NY,E,Public,3.0,0.0,Tesla Destination,https://www.tesla.com/destination-charging,200-8,40.801497,-73.94792,115141,2021-03-11 23:22:17 UTC,2016-08-15,J1772 TESLA,US,public,PAY_GARAGE,Free,False
ELEC,Icon Parking 5 E 22nd Street - Tesla Destination,5  E 22nd St,New York,NY,E,Public,3.0,0.0,Tesla Destination,https://www.tesla.com/destination-charging,200-9,40.740794,-73.988885,115142,2021-03-11 23:22:17 UTC,2016-05-01,J1772 TESLA,US,public,PAY_GARAGE,Free,False
ELEC,GGMC Parking Battery Place - Tesla Destination,50 Battery Pl,New York,NY,E,Public,3.0,0.0,Tesla Destination,https://www.tesla.com/destination-charging,200-9,40.706643,-74.018095,115143,2021-03-11 23:22:17 UTC,2018-11-01,J1772 TESLA,US,public,PAY_GARAGE,Free,False
ELEC,GGMC Parking 50 E 79th St Garage - Tesla Destination,50 E 79th St,New York,NY,E,Public,2.0,0.0,Tesla Destination,https://www.tesla.com/destination-charging,200-9,40.775932,-73.961937,115144,2021-03-11 23:22:17 UTC,2016-01-01,TESLA,US,public,PAY_GARAGE,Free,False
ELEC,MPG 500 West 30th - Tesla Destination,500 W 30th,New York,NY,E,Public,3.0,0.0,Tesla Destination,https://www.tesla.com/destination-charging,200-9,40.751987,-74.001701,115145,2021-03-11 23:22:17 UTC,2018-11-01,J1772 TESLA,US,public,PAY_GARAGE,Free,False
ELEC,Roger Smith Hotel - Tesla Destination,501 Lexington Ave,New York,NY,E,Public,1.0,0.0,Tesla Destination,https://www.tesla.com/destination-charging,200-9,40.754735,-73.973361,115146,2021-03-11 23:22:17 UTC,2018-11-01,TESLA,US,public,HOTEL,Free,False
ELEC,Icon Parking 51 W 22nd - Tesla Destination,51 W 22nd St,New York,NY,E,Public,3.0,0.0,Tesla Destination,https://www.tesla.com/destination-charging,200-9,40.742197,-73.992168,115147,2021-03-11 23:22:17 UTC,2016-01-01,J1772 TESLA,US,public,PAY_GARAGE,Free,False
ELEC,Icon Parking 524 East 73rd - Tesla Destination,524 E 73rd St,New York,NY,E,Public,3.0,0.0,Tesla Destination,https://www.tesla.com/destination-charging,200-9,40.766741,-73.95193,115149,2021-03-11 23:22:17 UTC,2018-11-01,J1772 TESLA,US,public,PAY_GARAGE,Free,False
ELEC,GGMC Parking 51-53 E 76th St Carlyle Hotel - Tesla Destination,53  E 76th St,New York,NY,E,Public,2.0,0.0,Tesla Destination,https://www.tesla.com/destination-charging,200-8,40.774265,-73.96278,115150,2021-03-11 23:22:17 UTC,2016-01-01,J1772 TESLA,US,public,PAY_GARAGE,Free,False
ELEC,iPark 530 E 80th Street - Tesla Destination,530 E 80th St,New York,NY,E,Public,3.0,0.0,Tesla Destination,https://www.tesla.com/destination-charging,200-8,40.771136,-73.948252,115151,2021-03-11 23:22:17 UTC,2017-03-01,J1772 TESLA,US,public,PAY_GARAGE,Free,False
ELEC,MPG 530 West 30th - Tesla Destination,530 W 30th,New York,NY,E,Public,3.0,0.0,Tesla Destination,https://www.tesla.com/destination-charging,200-9,40.752558,-74.002736,115152,2021-03-11 23:22:17 UTC,2018-11-01,J1772 TESLA,US,public,PAY_GARAGE,Free,False
ELEC,Icon Parking E 88th Street - Tesla Destination,536 E 88th St,New York,NY,E,Public,3.0,0.0,Tesla Destination,https://www.tesla.com/destination-charging,200-8,40.776302,-73.944521,115153,2021-03-11 23:22:17 UTC,2016-01-01,J1772 TESLA,US,public,PAY_GARAGE,Free,False
ELEC,Icon Parking 54 Murray Street - Tesla Destination,54 Murray St,New York,NY,E,Public,3.0,0.0,Tesla Destination,https://www.tesla.com/destination-charging,200-9,40.714121,-74.009808,115154,2021-03-11 23:22:17 UTC,2018-11-01,J1772 TESLA,US,public,PAY_GARAGE,Free,False
ELEC,Standard Parking 800 6th Ave - Tesla Destination,54 W 28th St,New York,NY,E,Public - Call ahead,3.0,0.0,Tesla Destination,https://www.tesla.com/destination-charging,200-8,40.745449,-73.989622,115155,2021-03-11 23:22:17 UTC,2017-09-01,J1772 TESLA,US,public,PAY_GARAGE,Free,False
ELEC,Loews Regency New York - Tesla Destination,540 Park Ave,New York,NY,E,Public,3.0,0.0,Tesla Destination,https://www.tesla.com/destination-charging,200-9,40.764608,-73.969355,115156,2021-03-11 23:22:17 UTC,2016-11-01,J1772 TESLA,US,public,HOTEL,Free,False
ELEC,MPG 543 W 110th Street Garage - Tesla Destination,543  W 110th St,New York,NY,E,Public,3.0,0.0,Tesla Destination,https://www.tesla.com/destination-charging,200-9,40.804167,-73.965894,115157,2021-03-11 23:22:17 UTC,2017-03-01,J1772 TESLA,US,public,PAY_GARAGE,Free,False
ELEC,iPark NYC 549 W 23rd Street - Tesla Destination,549  W 23rd St,New York,NY,E,Public,3.0,0.0,Tesla Destination,https://www.tesla.com/destination-charging,200-9,40.748931,-74.006078,115158,2021-03-11 23:22:17 UTC,2016-03-01,J1772 TESLA,US,public,PAY_GARAGE,Free,False
ELEC,Icon Parking 55 W 14th Street - Tesla Destination,55 W 14th St,New York,NY,E,Public,3.0,0.0,Tesla Destination,https://www.tesla.com/destination-charging,200-9,40.737266,-73.99611,115159,2021-03-11 23:22:17 UTC,2016-05-01,J1772 TESLA,US,public,PAY_GARAGE,Free,False
ELEC,GGMC Parking - 550 W 25th - Tesla Destination,550  W 25th St,New York,NY,E,Public,2.0,0.0,Tesla Destination,https://www.tesla.com/destination-charging,200-9,40.749666,-74.005485,115160,2021-03-11 23:22:17 UTC,2016-01-01,J1772 TESLA,US,public,PAY_GARAGE,Free,False
ELEC,iPark Eleventh Avenue Garage Corp. - Tesla Destination,552 W 30th St,New York,NY,E,Public,3.0,0.0,Tesla Destination,https://www.tesla.com/destination-charging,200-8,40.752693,-74.002954,115161,2021-03-11 23:22:17 UTC,2017-09-01,J1772 TESLA,US,public,PAY_GARAGE,Free,False
ELEC,Icon Parking 560 Third Ave - Tesla Destination,560 3rd Ave,New York,NY,E,Public,3.0,0.0,Tesla Destination,https://www.tesla.com/destination-charging,200-9,40.748094,-73.976864,115162,2021-03-11 23:22:17 UTC,2016-05-01,J1772 TESLA,US,public,HOTEL,Free,False
ELEC,Rapidpark 575 1st Avenue - Tesla Destination,575 1st Ave,New York,NY,E,Public,3.0,0.0,Tesla Destination,https://www.tesla.com/destination-charging,200-8,40.742761,-73.974554,115163,2021-03-11 23:22:17 UTC,2017-09-01,J1772 TESLA,US,public,PAY_GARAGE,Free,False
ELEC,Parkit 575 Washington - Tesla Destination,575 Washington St,New York,NY,E,Public,6.0,0.0,Tesla Destination,https://www.tesla.com/destination-charging,200-9,40.729474,-74.008847,115164,2021-03-11 23:22:17 UTC,2016-01-01,J1772 TESLA,US,public,PAY_GARAGE,Free,False
ELEC,Standard Parking 58 W 58th Street - Tesla Destination,58 W 58th St,New York,NY,E,Public,3.0,0.0,Tesla Destination,https://www.tesla.com/destination-charging,200-9,40.764459,-73.976349,115165,2021-03-11 23:22:17 UTC,2017-09-01,J1772 TESLA,US,public,PAY_GARAGE,Free,False
ELEC,iPark 59-63 Allen Street - Tesla Destination,59-63 Allen St,New York,NY,E,Public,3.0,0.0,Tesla Destination,https://www.tesla.com/destination-charging,200-9,40.717124,-73.99201,115166,2021-03-11 23:22:17 UTC,2018-11-01,J1772 TESLA,US,public,PAY_GARAGE,Free,False
ELEC,Champion Parking 90 LLC - Tesla Destination,60 E 90th St,New York,NY,E,Public,3.0,0.0,Tesla Destination,https://www.tesla.com/destination-charging,GPS,40.783085,-73.956304,115167,2021-03-11 23:22:17 UTC,2017-03-01,J1772 TESLA,US,public,PAY_GARAGE,Free,False
ELEC,Champion Parking 60 East End Avenue - Tesla Destination,60 East End Ave,New York,NY,E,Public,3.0,0.0,Tesla Destination,https://www.tesla.com/destination-charging,200-9,40.772794,-73.946969,115168,2021-03-11 23:22:17 UTC,2016-01-01,J1772 TESLA,US,public,PAY_GARAGE,Free,False
ELEC,RapidPark 600 Columbus Ave - Tesla Destination,600 Columbus Ave,New York,NY,E,Public,3.0,0.0,Tesla Destination,https://www.tesla.com/destination-charging,200-9,40.788716,-73.970934,115169,2021-03-11 23:22:17 UTC,2016-08-15,J1772 TESLA,US,public,PAY_GARAGE,Free,False
ELEC,Quik Park 600 West 42nd Street (Silver Towers) LLC - Tesla Destination,600 W 42nd St,New York,NY,E,Public,3.0,0.0,Tesla Destination,https://www.tesla.com/destination-charging,200-8,40.760809,-73.998773,115170,2021-03-11 23:22:17 UTC,2016-01-01,J1772 TESLA,US,public,PAY_GARAGE,Free,False
ELEC,"MTP Parking, The Helena - Tesla Destination",601  W 57th St,New York,NY,E,Public,2.0,0.0,Tesla Destination,https://www.tesla.com/destination-charging,200-9,40.770771,-73.991789,115171,2021-03-11 23:22:17 UTC,2016-11-01,TESLA,US,public,PAY_GARAGE,Free,False
ELEC,Champion Parking 60 E 8th - Tesla Destination,60-68 E 8th St,New York,NY,E,Public,3.0,0.0,Tesla Destination,https://www.tesla.com/destination-charging,200-9,40.730501,-73.993075,115172,2021-03-11 23:22:17 UTC,2015-02-01,J1772 TESLA,US,public,PAY_GARAGE,Free,False
ELEC,iPark NYC 61 Jane Street - Tesla Destination,61 Jane St,New York,NY,E,Public,3.0,0.0,Tesla Destination,https://www.tesla.com/destination-charging,200-9,40.738222,-74.005908,115173,2021-03-11 23:22:17 UTC,2016-01-01,J1772 TESLA,US,public,PAY_GARAGE,Free,False
ELEC,Parkit 10 Wooster St. - Tesla Destination,6-10 Wooster St,New York,NY,E,Public,3.0,0.0,Tesla Destination,https://www.tesla.com/destination-charging,200-9,40.721131,-74.00357,115174,2021-03-11 23:22:17 UTC,2015-02-01,J1772 TESLA,US,public,PAY_GARAGE,Free,False
ELEC,imPark 611 E 83rd Street - Tesla Destination,611 E 83rd St,New York,NY,E,Public,3.0,0.0,Tesla Destination,https://www.tesla.com/destination-charging,200-8,40.772931,-73.945552,115175,2021-03-11 23:22:17 UTC,2017-03-01,J1772 TESLA,US,public,PAY_GARAGE,Free,False
ELEC,MTP 625 W 57th Street - Tesla Destination,625  W 57th St,New York,NY,E,Public,3.0,0.0,Tesla Destination,https://www.tesla.com/destination-charging,200-9,40.771431,-73.992964,115176,2021-03-11 23:22:17 UTC,2017-09-01,TESLA,US,public,PAY_GARAGE,Free,False
ELEC,Icon Parking University 10 Parking - Tesla Destination,63  E 9th St,New York,NY,E,Public - Call ahead,3.0,0.0,Tesla Destination,https://www.tesla.com/destination-charging,200-9,40.731544,-73.992045,115177,2021-03-11 23:22:17 UTC,2016-08-15,J1772 TESLA,US,public,PAY_GARAGE,Free,False
ELEC,Parkright 670 W 43rd Street - Tesla Destination,670 W 43rd St,New York,NY,E,Public,3.0,0.0,Tesla Destination,https://www.tesla.com/destination-charging,200-8,40.762316,-74.000256,115178,2021-03-11 23:22:17 UTC,2016-01-01,J1772 TESLA,US,public,HOTEL,Free,False
ELEC,Quik Park Little West LLC - Tesla Destination,70 Little West St,New York,NY,E,Public,3.0,0.0,Tesla Destination,https://www.tesla.com/destination-charging,200-9,40.706976,-74.016962,115179,2021-03-11 23:22:17 UTC,2018-11-01,J1772 TESLA,US,public,PAY_GARAGE,Free,False
ELEC,Rapidpark 70 Riverside Dr - Tesla Destination,70 Riverside Dr,New York,NY,E,Public,2.0,0.0,Tesla Destination,https://www.tesla.com/destination-charging,200-9,40.785014,-73.982037,115180,2021-03-11 23:22:17 UTC,2016-11-01,TESLA,US,public,PAY_GARAGE,Free,False
ELEC,The Peninsula Hotel New York - Tesla Destination,700 5th Ave,New York,NY,E,Public,1.0,0.0,Tesla Destination,https://www.tesla.com/destination-charging,200-8,40.76178,-73.975057,115181,2021-03-11 23:22:17 UTC,2016-01-01,TESLA,US,public,HOTEL,Free,False
ELEC,Parkright 738 Greenwich Street - Tesla Destination,738 Greenwich St,New York,NY,E,Public,3.0,0.0,Tesla Destination,https://www.tesla.com/destination-charging,200-9,40.735165,-74.007231,115182,2021-03-11 23:22:17 UTC,2016-08-15,J1772 TESLA,US,public,PAY_GARAGE,Free,False
ELEC,iPark 650 Parking Corp - Tesla Destination,80  E 67th St,New York,NY,E,Public,3.0,0.0,Tesla Destination,https://www.tesla.com/destination-charging,200-8,40.767935,-73.96671,115185,2021-03-11 23:22:17 UTC,2018-11-01,J1772 TESLA,US,public,PAY_GARAGE,Free,False
ELEC,Icon Parking 70 Gold Street - Tesla Destination,80 Gold St,New York,NY,E,Public,3.0,0.0,Tesla Destination,https://www.tesla.com/destination-charging,200-9,40.709609,-74.004401,115186,2021-03-11 23:22:17 UTC,2018-11-01,J1772 TESLA,US,public,PAY_GARAGE,Free,False
ELEC,Icon 80 Riverside Blvd - Tesla Destination,80 Riverside Blvd,New York,NY,E,Public,3.0,0.0,Tesla Destination,https://www.tesla.com/destination-charging,200-9,40.775054,-73.989946,115187,2021-03-11 23:22:17 UTC,2016-08-15,J1772 TESLA,US,public,PAY_GARAGE,Free,False
ELEC,Quik Park 808 Garage LLC - Tesla Destination,808 Columbus Ave,New York,NY,E,Public,3.0,0.0,Tesla Destination,https://www.tesla.com/destination-charging,200-9,40.795214,-73.966003,115188,2021-03-11 23:22:17 UTC,2016-01-01,J1772 TESLA,US,public,PAY_GARAGE,Free,False
ELEC,"The Standard, High Line - Tesla Destination",848  Washington St,New York,NY,E,Public,3.0,0.0,Tesla Destination,https://www.tesla.com/destination-charging,200-9,40.740828,-74.008074,115189,2021-03-11 23:22:17 UTC,2017-03-01,J1772 TESLA,US,public,HOTEL,Free,False
ELEC,Chelnik Parking NYC 880 5th - Tesla Destination,880 5th Ave,New York,NY,E,Public,2.0,0.0,Tesla Destination,https://www.tesla.com/destination-charging,200-8,40.770385,-73.968296,115190,2021-03-11 23:22:17 UTC,2016-01-01,TESLA,US,public,PAY_GARAGE,Free,False
ELEC,Icon 9-11 Park Ave - Tesla Destination,9 - 11 Park Ave,New York,NY,E,Public,3.0,0.0,Tesla Destination,https://www.tesla.com/destination-charging,200-9,40.747207,-73.980743,115191,2021-03-11 23:22:17 UTC,2018-11-01,J1772 TESLA,US,public,PAY_GARAGE,Free,False
ELEC,Rapidpark 9-11 W 100th Street - Tesla Destination,9 W 100th St,New York,NY,E,Public,3.0,0.0,Tesla Destination,https://www.tesla.com/destination-charging,200-9,40.794681,-73.963228,115192,2021-03-11 23:22:17 UTC,2017-03-01,J1772 TESLA,US,public,PAY_GARAGE,Free,False
ELEC,Quik Park West 57 LLC - Tesla Destination,9 W 57th St,New York,NY,E,Public,3.0,0.0,Tesla Destination,https://www.tesla.com/destination-charging,200-9,40.763888,-73.97499,115193,2021-03-11 23:22:17 UTC,2015-03-01,J1772 TESLA,US,public,PAY_GARAGE,Free,False
ELEC,GGMC Parking Stewart House Garage - Tesla Destination,91 East 9th St,New York,NY,E,Public,3.0,0.0,Tesla Destination,https://www.tesla.com/destination-charging,200-8,40.73099,-73.990963,115194,2021-03-11 23:22:17 UTC,2016-01-01,J1772 TESLA,US,public,PAY_GARAGE,Free,False
ELEC,Rapidpark 920 Park Avenue - Tesla Destination,920 Park Ave,New York,NY,E,Public - Call ahead,3.0,0.0,Tesla Destination,https://www.tesla.com/destination-charging,200-9,40.776673,-73.960253,115195,2021-03-11 23:22:17 UTC,2017-09-01,J1772 TESLA,US,public,PAY_GARAGE,Free,False
ELEC,MPG 923 5th Ave - Tesla Destination,923 5th Ave,New York,NY,E,Public,3.0,0.0,Tesla Destination,https://www.tesla.com/destination-charging,200-9,40.773173,-73.966026,115196,2021-03-11 23:22:17 UTC,2017-09-01,J1772 TESLA,US,public,PAY_GARAGE,Free,False
ELEC,GGMC The Cove - Tesla Destination,99 Battery Pl,New York,NY,E,Public,3.0,0.0,Tesla Destination,https://www.tesla.com/destination-charging,200-9,40.707624,-74.016593,115197,2021-03-11 23:22:17 UTC,2017-09-01,J1772 TESLA,US,public,PAY_GARAGE,Free,False
ELEC,Icon Parking 990 Ave of the Americas - Tesla Destination,990 Avenue of the Americas,New York,NY,E,Public,3.0,0.0,Tesla Destination,https://www.tesla.com/destination-charging,200-9,40.751363,-73.986389,115198,2021-03-11 23:22:17 UTC,2016-05-01,J1772 TESLA,US,public,OFFICE_BLDG,Free,False
ELEC,59 Allen Street - Tesla Supercharger,59 Allen Street,New York,NY,E,Public,Sin Dato,4.0,Tesla,https://www.tesla.com/supercharger,GPS,40.717153,-73.991869,116808,2021-11-04 18:37:47 UTC,2018-12-01,TESLA,US,public,PARKING_LOT,$0.28 per kWh; $0.26 per minute above 60 kW and $0.13 per minute at or below 60 kW,False
ELEC,iPark NYC 75 Wall Street - Tesla Destination,75 Wall St,New York,NY,E,Public,3.0,0.0,Tesla Destination,https://www.tesla.com/destination-charging,200-9,40.705042,-74.008118,122491,2021-03-11 23:22:17 UTC,2019-03-01,J1772 TESLA,US,public,Sin Dato,Free,False
ELEC,New York University - Plaza Nursery School,110 Bleecker St,New York,NY,E,Public,2.0,0.0,EV Connect,http://evconnect.com/,GPS,40.7273617,-73.9975331999999,123058,2021-03-11 23:22:17 UTC,2019-04-01,J1772,US,public,COLLEGE_CAMPUS,Sin Dato,False
ELEC,Company,335 Madison Ave,New York,NY,E,Private,5.0,0.0,EV Connect,http://evconnect.com/,GPS,40.7537571,-73.9783437999999,123101,2021-03-11 23:22:17 UTC,2019-04-01,J1772,US,private,OFFICE_BLDG,Sin Dato,True
ELEC,Jerome-Gun Hill Road - Municipal Parking Garage,3510 Jerome Ave,New York,NY,E,Public,5.0,0.0,EV Connect,http://evconnect.com/,GPS,40.882958,-73.880725,123102,2021-03-11 23:22:17 UTC,2019-04-01,J1772,US,public,PARKING_GARAGE,Sin Dato,False
ELEC,Yeshiva University,385 Audubon Ave,New York,NY,E,Public,1.0,0.0,EV Connect,http://evconnect.com/,GPS,40.8506642,-73.9306379,123105,2021-03-11 23:22:17 UTC,2019-04-01,J1772,US,public,COLLEGE_CAMPUS,Sin Dato,False
ELEC,The Veneto,250 East 53rd Street,New York,NY,E,Public,2.0,0.0,Blink Network,http://www.blinkcharging.com/,GPS,40.756766,-73.967481,124140,2022-07-24 22:55:19 UTC,2019-06-21,J1772,US,public,Sin Dato,Level 2: $0.59 per kWh,False
ELEC,Coliseum Park Apts - Central Parking,345 W 58th Street,New York,NY,E,Public,1.0,0.0,Blink Network,http://www.blinkcharging.com/,GPS,40.768432,-73.984033,124141,2022-07-24 22:55:19 UTC,2019-06-21,J1772,US,public,Sin Dato,Level 2: $0.59 per kWh,False
ELEC,Astor Place,445 Lafayette St,New York,NY,E,Public,2.0,0.0,Blink Network,http://www.blinkcharging.com/,GPS,40.7297,-73.991565,124144,2022-07-24 22:55:19 UTC,2019-06-21,J1772,US,public,Sin Dato,Level 2: $0.59 per kWh,False
ELEC,Central Parking - 58 West 58th St,58 West 58th Street,New York,NY,E,Public,2.0,0.0,Blink Network,http://www.blinkcharging.com/,GPS,40.764655,-73.9761,124146,2022-07-24 22:55:19 UTC,2019-06-21,J1772,US,public,Sin Dato,Level 2: $0.59 per kWh,False
ELEC,Superior Ink,400 W 12th St,New York,NY,E,Public,2.0,0.0,Blink Network,http://www.blinkcharging.com/,GPS,40.737537,-74.00983,124147,2022-07-24 22:55:19 UTC,2019-06-21,J1772,US,public,Sin Dato,Level 2: $0.59 per kWh,False
ELEC,The Westport,500 W 56th St,New York,NY,E,Public,2.0,0.0,Blink Network,http://www.blinkcharging.com/,GPS,40.768211,-73.989479,124690,2022-07-24 22:55:19 UTC,2019-06-26,J1772,US,public,Sin Dato,Level 2: $0.59 per kWh,False
ELEC,TATABROOKFIELD #3,11 E Loop Rd,New York,NY,E,Public,1.0,0.0,ChargePoint Network,http://www.chargepoint.com/,GPS,40.755093,-73.955605,143191,2022-07-25 01:02:40 UTC,2019-08-15,J1772,US,public,Sin Dato,Sin Dato,False
ELEC,Glenwood Management - Paramount Garage,221 E 38th St,New York,NY,E,Public,1.0,0.0,Non-Networked,Sin Dato,200-9,40.74793,-73.974556,147009,2022-02-10 19:42:29 UTC,2016-01-01,J1772,US,public,PAY_GARAGE,$15 per session,False
ELEC,35 SUTTON 1 35 SUTTON PL,35 Sutton Pl,New York,NY,E,Public,2.0,0.0,ChargePoint Network,http://www.chargepoint.com/,GPS,40.758358,-73.9597,147425,2022-07-25 01:05:52 UTC,2019-11-01,J1772,US,public,Sin Dato,Sin Dato,False
ELEC,iPark NYC 555 West Garage Corp. - Tesla Destination,549  W 23rd St,New York,NY,E,Public,3.0,0.0,Tesla Destination,https://www.tesla.com/destination-charging,200-9,40.748931,-74.006078,150502,2021-03-11 23:22:17 UTC,2019-09-30,J1772 TESLA,US,public,Sin Dato,Free,False
ELEC,iPark NYC E 80th Street - Tesla Destination,345 E 80th St,New York,NY,E,Public,3.0,0.0,Tesla Destination,https://www.tesla.com/destination-charging,200-9,40.773471,-73.952304,150517,2021-03-11 23:22:17 UTC,2019-09-30,J1772 TESLA,US,public,Sin Dato,Free,False
ELEC,Icon Parking 245 E 19th St. - Tesla Destination,245  E 19th St,New York,NY,E,Public,3.0,0.0,Tesla Destination,https://www.tesla.com/destination-charging,200-8,40.73591,-73.983331,150520,2021-03-11 23:22:17 UTC,2019-09-30,J1772 TESLA,US,public,Sin Dato,Free,False
ELEC,iPark NYC 455 Central Park West - Tesla Destination,27  West 105th St,New York,NY,E,Public,3.0,0.0,Tesla Destination,https://www.tesla.com/destination-charging,200-8,40.797875,-73.961228,150521,2021-03-11 23:22:17 UTC,2019-09-30,J1772 TESLA,US,public,Sin Dato,Free,False
ELEC,300 W 135 St - Little Man Parking - Tesla Destination,300 W 135 St,New York,NY,E,Public,4.0,0.0,Tesla Destination,https://www.tesla.com/destination-charging,200-9,40.816366,-73.947365,150596,2021-03-11 23:22:17 UTC,2019-09-30,TESLA,US,public,Sin Dato,Free,False
ELEC,Icon Parking 515 E 72nd Street - Tesla Destination,515  E 72nd St,New York,NY,E,Public,3.0,0.0,Tesla Destination,https://www.tesla.com/destination-charging,200-9,40.766857,-73.952647,150660,2021-03-11 23:22:17 UTC,2019-09-30,J1772 TESLA,US,public,Sin Dato,Free,False
ELEC,Manhattan Parking 110 LLC - Tesla Destination,543 W 110th St,New York,NY,E,Public,3.0,0.0,Tesla Destination,https://www.tesla.com/destination-charging,200-9,40.804167,-73.965894,150722,2021-03-11 23:22:17 UTC,2019-09-30,J1772 TESLA,US,public,Sin Dato,Free,False
ELEC,Weill Cornell Medical,1305 York Ave,New York,NY,E,Private,2.0,0.0,Non-Networked,Sin Dato,200-9,40.765378,-73.955054,153866,2022-03-07 19:49:53 UTC,2019-12-16,J1772,US,private,HOSPITAL,Free,True
ELEC,Weill Cornell Medical,420 E 70th St,New York,NY,E,Private,2.0,0.0,Non-Networked,Sin Dato,200-8,40.765313,-73.955553,153867,2022-03-07 19:49:53 UTC,2019-12-16,J1772,US,private,HOSPITAL,Free,True
ELEC,United Nations,405 E 42nd St,New York,NY,E,Private,24.0,0.0,Non-Networked,Sin Dato,200-8,40.748965,-73.969649,153870,2022-05-17 12:25:05 UTC,2020-02-27,J1772,US,private,OFFICE_BLDG,Sin Dato,True
ELEC,Delancey and Essex Municipal Parking Garage,107 Essex St,New York,NY,E,Public,2.0,0.0,EV Connect,http://evconnect.com/,GPS,40.7193187,-73.9881965,155100,2021-03-11 23:22:17 UTC,2018-04-16,J1772,US,public,PARKING_GARAGE,Sin Dato,False
ELEC,PANYNJ LGA E GARAGE C1,East Garage E End Rd LaGuardia Airport,New York,NY,E,Public,2.0,0.0,ChargePoint Network,http://www.chargepoint.com/,GPS,40.77033,-73.865683,162407,2022-07-25 00:43:58 UTC,2020-06-12,J1772,US,public,Sin Dato,Sin Dato,False
ELEC,BMW CAR SHARING THE SOLAIRE ST1,20 River Terrace,New York,NY,E,Public,Sin Dato,1.0,ChargePoint Network,http://www.chargepoint.com/,GPS,40.716305,-74.016194,162413,2022-07-25 00:43:13 UTC,2020-06-12,J1772COMBO,US,public,Sin Dato,Sin Dato,False
ELEC,MP 102 LLC MP 102 LLC,1214 Fifth Avenue,New York,NY,E,Public,2.0,0.0,ChargePoint Network,http://www.chargepoint.com/,GPS,40.791267,-73.952039,162472,2022-07-25 00:40:53 UTC,2020-06-12,J1772,US,public,Sin Dato,Sin Dato,False
ELEC,MONTEFIOREMOSES MOSES,111 E 210th St,New York,NY,E,Public,2.0,0.0,ChargePoint Network,http://www.chargepoint.com/,GPS,40.879718,-73.880394,162486,2022-07-25 00:40:40 UTC,2020-06-12,J1772,US,public,Sin Dato,Sin Dato,False
ELEC,MP 225 LLC NS1-100 JAY ST,100 Jay St,New York,NY,E,Public,2.0,0.0,ChargePoint Network,http://www.chargepoint.com/,GPS,40.70182,-73.986824,162487,2022-07-25 00:40:40 UTC,2020-06-12,J1772,US,public,Sin Dato,Sin Dato,False
ELEC,CARCHARGING GMC 225 W 49 #1,225 W 49th St,New York,NY,E,Public,1.0,0.0,ChargePoint Network,http://www.chargepoint.com/,GPS,40.761376,-73.985273,162520,2022-07-25 00:40:32 UTC,2020-06-12,J1772,US,public,Sin Dato,Sin Dato,False
ELEC,Apple West Parking,303 West 96th Street,New York,NY,E,Public,4.0,0.0,Blink Network,http://www.blinkcharging.com/,GPS,40.795783,-73.973678,163485,2022-07-24 22:55:19 UTC,2020-06-19,J1772,US,public,Sin Dato,Level 2: $0.59 per kWh,False
ELEC,Manhattan Plaza,427 W 42nd St,New York,NY,E,Public,2.0,0.0,Blink Network,http://www.blinkcharging.com/,GPS,40.759223,-73.992703,164442,2022-07-24 22:55:19 UTC,2020-07-23,J1772,US,public,Sin Dato,Level 2: $0.59 per kWh,False
ELEC,Icon Parking - 111 Eighth Avenue,111 Eighth Avenue,New York,NY,E,Public,1.0,0.0,Blink Network,http://www.blinkcharging.com/,GPS,40.741421,-74.003186,164679,2022-07-24 22:55:19 UTC,2020-08-01,J1772,US,public,Sin Dato,Level 2: $0.59 per kWh,False
ELEC,Icon Parking - Patriot Parking,376 Greenwich Street,New York,NY,E,Public,1.0,0.0,Blink Network,http://www.blinkcharging.com/,GPS,40.719772,-74.010475,164680,2022-07-24 22:55:19 UTC,2020-08-01,J1772,US,public,Sin Dato,Level 2: $0.59 per kWh,False
ELEC,Icon Parking - One Lincoln Plaza,20 W 64th Street,New York,NY,E,Public,1.0,0.0,Blink Network,http://www.blinkcharging.com/,GPS,40.771626,-73.981032,164681,2022-07-24 22:55:19 UTC,2020-08-01,J1772,US,public,Sin Dato,Level 2: $0.59 per kWh,False
ELEC,Tribeca Green,325 North End Ave,New York,NY,E,Public,2.0,0.0,Blink Network,http://www.blinkcharging.com/,GPS,40.71695,-74.014948,164713,2022-07-24 22:55:19 UTC,2020-08-01,J1772,US,public,Sin Dato,Level 2: $0.59 per kWh,False
ELEC,Central Parking - 146 W 57th St,146 West 57th Street,New York,NY,E,Public,2.0,0.0,Blink Network,http://www.blinkcharging.com/,GPS,40.764609,-73.979517,164738,2022-07-24 22:55:19 UTC,2020-08-01,J1772,US,public,Sin Dato,Level 2: $0.59 per kWh,False
ELEC,Carnegie Hill,215 E 96th St,New York,NY,E,Public,2.0,0.0,Blink Network,http://www.blinkcharging.com/,GPS,40.784865,-73.948526,164751,2022-07-24 22:55:19 UTC,2020-08-01,J1772,US,public,Sin Dato,Level 2: $0.59 per kWh,False
ELEC,170 Park Row,170 Park Row,New York,NY,E,Private,4.0,0.0,EV Connect,http://evconnect.com/,200-8,40.713246,-74.001,166242,2021-03-11 23:22:17 UTC,2020-04-15,J1772,US,private,PARKING_GARAGE,Sin Dato,True
ELEC,CHHA2 Garages LLC,21 E 12th St,New York,NY,E,Private,4.0,0.0,EV Connect,http://evconnect.com/,200-9,40.733934,-73.993118,166324,2021-03-11 23:22:17 UTC,2020-04-17,J1772,US,private,PARKING_GARAGE,Sin Dato,True
ELEC,CHHA2 Garages LLC,400 E 56th St,New York,NY,E,Public - Credit card at all times,6.0,0.0,EV Connect,http://evconnect.com/,200-9,40.757099,-73.963122,166325,2021-03-11 23:22:17 UTC,2020-07-02,J1772,US,public,PARKING_GARAGE,Sin Dato,False
ELEC,CHHA2 Garages,532 W 122nd St,New York,NY,E,Public - Credit card at all times,4.0,0.0,EV Connect,http://evconnect.com/,GPS,40.811438,-73.960481,168414,2021-03-11 23:22:17 UTC,2020-08-28,J1772,US,public,PAY_GARAGE,Sin Dato,False
ELEC,STATION 4TH FL MOTORGATE 3,680 Main St,New York,NY,E,Public,2.0,0.0,ChargePoint Network,http://www.chargepoint.com/,GPS,40.764464,-73.946924,168524,2022-07-25 01:14:59 UTC,2020-11-17,J1772,US,public,Sin Dato,Sin Dato,False
ELEC,STATION 4TH FL MOTORGATE #2,Main St/10 River Rd,New York,NY,E,Public,2.0,0.0,ChargePoint Network,http://www.chargepoint.com/,GPS,40.764208,-73.947198,168525,2022-07-25 01:14:27 UTC,2020-11-17,J1772,US,public,Sin Dato,Sin Dato,False
ELEC,551W21 SR Capital - Tesla Destination,558 West 21st Street,New York,NY,E,Public,6.0,0.0,Tesla Destination,https://www.tesla.com/destination-charging,200-9,40.747278,-74.007618,168556,2021-03-11 23:22:17 UTC,2020-11-03,TESLA,US,public,Sin Dato,Free,False
ELEC,Enterprise Parking 219 E 69th St - Tesla Destination,219 E 69th St,New York,NY,E,Public,3.0,0.0,Tesla Destination,https://www.tesla.com/destination-charging,200-9,40.767519,-73.960678,168757,2021-03-11 23:22:17 UTC,2020-11-03,J1772 TESLA,US,public,Sin Dato,Free,False
ELEC,iPark 314 W 120th Street - Tesla Destination,314 West 120th Street,New York,NY,E,Public,3.0,0.0,Tesla Destination,https://www.tesla.com/destination-charging,200-8,40.806974,-73.954006,168885,2021-03-11 23:22:17 UTC,2020-11-03,J1772 TESLA,US,public,Sin Dato,Free,False
ELEC,Nap York - Tesla Destination,480 7th Avenue,New York,NY,E,Public,1.0,0.0,Tesla Destination,https://www.tesla.com/destination-charging,200-9,40.752301,-73.99,168977,2021-03-11 23:22:17 UTC,2020-11-03,TESLA,US,public,Sin Dato,Free,False
ELEC,Park N Go - E 121 St - Tesla Destination,210 E 121st St,New York,NY,E,Public,4.0,0.0,Tesla Destination,https://www.tesla.com/destination-charging,200-8,40.800795,-73.937382,169011,2021-03-11 23:22:17 UTC,2020-11-03,TESLA,US,public,Sin Dato,Free,False
ELEC,Parkit 200 West End Ave - Tesla Destination,200 West End Ave,New York,NY,E,Public,5.0,0.0,Tesla Destination,https://www.tesla.com/destination-charging,200-9,40.777982,-73.985407,169014,2021-03-11 23:22:17 UTC,2020-11-03,J1772 TESLA,US,public,Sin Dato,Free,False
ELEC,Rapidpark 205 W 101st Street - Tesla Destination,205 W 101st Street,New York,NY,E,Public,3.0,0.0,Tesla Destination,https://www.tesla.com/destination-charging,200-9,40.797676,-73.968479,169060,2021-03-11 23:22:17 UTC,2020-11-03,J1772 TESLA,US,public,Sin Dato,Free,False
ELEC,"The Standard, East Village - Tesla Destination",25 Cooper Street,New York,NY,E,Public,3.0,0.0,Tesla Destination,https://www.tesla.com/destination-charging,200-9,40.867375,-73.924227,169201,2021-03-11 23:22:17 UTC,2020-11-03,J1772 TESLA,US,public,Sin Dato,Free,False
ELEC,Icon Parking - Claridge 87 Parking,200-206 E 88th Street,New York,NY,E,Public,1.0,0.0,Blink Network,http://www.blinkcharging.com/,GPS,40.779687,-73.952595,169359,2022-07-24 22:55:19 UTC,2020-11-20,J1772,US,public,Sin Dato,Level 2: $0.59 per kWh,False
ELEC,Imperial Parking,332-342 E 34th St,New York,NY,E,Public,2.0,0.0,Blink Network,http://www.blinkcharging.com/,GPS,40.7440113,-73.9741155,169851,2022-07-24 22:55:19 UTC,2020-12-03,J1772,US,public,Sin Dato,Level 2: $0.59 per kWh,False
ELEC,STATION 4TH FL MOTORGATE #1,688 Main St,New York,NY,E,Public,2.0,0.0,ChargePoint Network,http://www.chargepoint.com/,GPS,40.764429,-73.946793,169880,2022-07-25 01:14:27 UTC,2020-12-03,J1772,US,public,Sin Dato,Sin Dato,False
ELEC,Icon Parking 1114 Ave & 6th,1114 Avenue of the Americas,New York,NY,E,Public,1.0,0.0,Blink Network,http://www.blinkcharging.com/,GPS,40.755245,-73.983406,169937,2022-07-24 22:55:19 UTC,2020-12-04,J1772,US,public,Sin Dato,Level 2: $0.59 per kWh,False
ELEC,NYC FLEET DPR_ICAHN_1_L3,10 Central Rd,New York,NY,E,Public,Sin Dato,1.0,ChargePoint Network,http://www.chargepoint.com/,GPS,40.792194,-73.92455,170122,2022-07-25 01:05:10 UTC,2020-12-12,CHADEMO J1772COMBO,US,public,Sin Dato,Sin Dato,False
ELEC,The St. Regis,Two East 55th Street,New York,NY,E,Public,1.0,0.0,SemaCharge Network,https://semaconnect.com/,GPS,40.7613979,-73.9746128,170181,2022-07-25 00:31:01 UTC,2020-12-16,J1772,US,public,Sin Dato,FREE,False
ELEC,TATABROOKFIELD #2,11 E Loop Rd,New York,NY,E,Public,1.0,0.0,ChargePoint Network,http://www.chargepoint.com/,GPS,40.755077,-73.955605,174179,2022-07-25 01:02:40 UTC,2021-01-27,J1772,US,public,Sin Dato,Sin Dato,False
ELEC,TATABROOKFIELD GATEWAY #1,11 E Loop Rd,New York,NY,E,Public,1.0,0.0,ChargePoint Network,http://www.chargepoint.com/,GPS,40.755024,-73.955605,174180,2022-07-25 01:02:40 UTC,2021-01-27,J1772,US,public,Sin Dato,Sin Dato,False
ELEC,TATABROOKFIELD #8,11 E Loop Rd,New York,NY,E,Public,1.0,0.0,ChargePoint Network,http://www.chargepoint.com/,GPS,40.75533,-73.95569,174181,2022-07-25 01:02:39 UTC,2021-01-27,J1772,US,public,Sin Dato,Sin Dato,False
ELEC,TATABROOKFIELD #7,11 E Loop Rd,New York,NY,E,Public,1.0,0.0,ChargePoint Network,http://www.chargepoint.com/,GPS,40.755314,-73.955605,174182,2022-07-25 01:03:30 UTC,2021-01-27,J1772,US,public,Sin Dato,Sin Dato,False
ELEC,TATABROOKFIELD #6,11 E Loop Rd,New York,NY,E,Public,1.0,0.0,ChargePoint Network,http://www.chargepoint.com/,GPS,40.75516,-73.955605,174183,2022-07-25 01:03:24 UTC,2021-01-27,J1772,US,public,Sin Dato,Sin Dato,False
ELEC,TATABROOKFIELD #5,11 E Loop Rd,New York,NY,E,Public,1.0,0.0,ChargePoint Network,http://www.chargepoint.com/,GPS,40.755142,-73.9556,174184,2022-07-25 01:03:24 UTC,2021-01-27,J1772,US,public,Sin Dato,Sin Dato,False
ELEC,TATABROOKFIELD #4,11 E Loop Rd,New York,NY,E,Public,1.0,0.0,ChargePoint Network,http://www.chargepoint.com/,GPS,40.755108,-73.955605,174185,2022-07-25 01:02:41 UTC,2021-01-27,J1772,US,public,Sin Dato,Sin Dato,False
ELEC,35 SUTTON 1 SUTTON PL 2,35 Sutton Pl,New York,NY,E,Public,2.0,0.0,ChargePoint Network,http://www.chargepoint.com/,GPS,40.75824,-73.95967,174616,2022-07-25 01:05:52 UTC,2021-01-27,J1772,US,public,Sin Dato,Sin Dato,False
ELEC,PANYNJ LGA E GARAGE W1,East Garage E End Rd LaGuardia Airport,New York,NY,E,Public,2.0,0.0,ChargePoint Network,http://www.chargepoint.com/,GPS,40.770752,-73.866327,180166,2022-07-25 00:43:24 UTC,2021-01-27,J1772,US,public,Sin Dato,Sin Dato,False
ELEC,NYC FLEET DPR_ICAHN_3_L3,10 Central Rd,New York,NY,E,Public,Sin Dato,1.0,ChargePoint Network,http://www.chargepoint.com/,GPS,40.7923,-73.92468,181932,2022-07-25 01:11:49 UTC,2021-01-27,CHADEMO J1772COMBO,US,public,Sin Dato,Sin Dato,False
ELEC,NYC FLEET DPR_ICAHN_2_L3,10 Central Rd,New York,NY,E,Public,Sin Dato,1.0,ChargePoint Network,http://www.chargepoint.com/,GPS,40.79237,-73.924644,181933,2022-07-25 01:11:49 UTC,2021-01-27,CHADEMO J1772COMBO,US,public,Sin Dato,Sin Dato,False
ELEC,CHHA2 Garages,351 E 84th St,New York,NY,E,Private,2.0,0.0,EV Connect,http://evconnect.com/,200-9,40.77599,-73.95044,183937,2021-08-04 00:01:52 UTC,2020-01-23,J1772,US,private,PARKING_GARAGE,Sin Dato,True
ELEC,VISN 2/NYHHCS/MANHATTAN,423 E 23rd St,New York,NY,E,Private - Government only,1.0,0.0,Non-Networked,Sin Dato,GPS,40.737182,-73.976713,184330,2021-08-04 00:01:52 UTC,2021-01-15,J1772,US,private,FED_GOV,$0.13 per kWh,True
ELEC,ANSONIA,178 Columbus Ave,New York,NY,E,Private - Government only,5.0,0.0,Non-Networked,Sin Dato,GPS,40.77493,-73.980969,184521,2021-08-04 00:01:52 UTC,2021-01-15,J1772,US,private,FED_GOV,Sin Dato,True
ELEC,MANHATTAN VMF,241 11th Ave,New York,NY,E,Private - Government only,15.0,0.0,Non-Networked,Sin Dato,GPS,40.750397,-74.006467,184561,2021-08-04 00:01:52 UTC,2021-01-15,J1772,US,private,FED_GOV,Free,True
ELEC,Beekman Garage,25 Beekman St,New York,NY,E,Public,1.0,0.0,Blink Network,http://www.blinkcharging.com/,GPS,40.710636,-74.006195,186601,2022-07-24 22:55:19 UTC,2021-03-26,J1772,US,public,Sin Dato,Level 2: $0.59 per kWh,False
ELEC,Eastway Parking,225 W 49th St,New York,NY,E,Public,2.0,0.0,Blink Network,http://www.blinkcharging.com/,GPS,40.76211452,-73.98525398,187765,2022-07-24 22:55:19 UTC,2021-04-19,J1772,US,public,Sin Dato,Level 2: $0.59 per kWh,False
ELEC,Beltmont Parking,113 E 84th St,New York,NY,E,Public,1.0,0.0,Blink Network,http://www.blinkcharging.com/,GPS,40.7789084,-73.957318,187814,2022-07-24 22:55:19 UTC,2021-04-20,J1772,US,public,Sin Dato,Level 2: $0.59 per kWh,False
ELEC,Beekman Parking,420 E 51st St,New York,NY,E,Public,2.0,0.0,Blink Network,http://www.blinkcharging.com/,GPS,40.7547868,-73.965044,187815,2022-07-24 22:55:19 UTC,2021-04-20,J1772,US,public,Sin Dato,Level 2: $0.59 per kWh,False
ELEC,Travelers Parking,160 W 10th Street,New York,NY,E,Public,1.0,0.0,Blink Network,http://www.blinkcharging.com/,GPS,40.735094,-74.00187,187817,2022-07-24 22:55:19 UTC,2021-04-20,J1772,US,public,Sin Dato,Level 2: $0.59 per kWh,False
ELEC,Gotham Parking,550 West 45th Street,New York,NY,E,Public,2.0,0.0,Blink Network,http://www.blinkcharging.com/,GPS,40.763212,-73.99629,187883,2022-07-24 22:55:19 UTC,2021-04-22,J1772,US,public,Sin Dato,Level 2: $0.59 per kWh,False
ELEC,New Systems,337 E 64th St,New York,NY,E,Public,2.0,0.0,Blink Network,http://www.blinkcharging.com/,GPS,40.7632,-73.960185,187918,2022-07-24 22:55:19 UTC,2021-04-23,J1772,US,public,Sin Dato,Level 2: $0.59 per kWh,False
ELEC,Minetta Garage,122 West 3rd Street,New York,NY,E,Public,2.0,0.0,Blink Network,http://www.blinkcharging.com/,GPS,40.73137973,-74.0007049,188148,2022-07-24 22:55:19 UTC,2021-04-29,J1772,US,public,Sin Dato,Level 2: $0.59 per kWh,False
ELEC,Strathmore,400 E 84th St,New York,NY,E,Public,2.0,0.0,Blink Network,http://www.blinkcharging.com/,GPS,40.775203,-73.950295,189047,2022-07-24 22:55:19 UTC,2021-04-30,J1772,US,public,Sin Dato,Level 2: $0.59 per kWh,False
ELEC,NYC Parking 200,1081 3rd Avenue,New York,NY,E,Public,1.0,0.0,Blink Network,http://www.blinkcharging.com/,GPS,40.764578,-73.964757,189315,2022-07-24 22:55:19 UTC,2021-05-06,J1772,US,public,Sin Dato,Level 2: $0.59 per kWh,False
ELEC,Duford Studios,127 E 83rd Street,New York,NY,E,Public,1.0,0.0,Blink Network,http://www.blinkcharging.com/,GPS,40.778527,-73.9572042,189362,2022-07-24 22:55:19 UTC,2021-05-07,J1772,US,public,Sin Dato,Level 2: $0.59 per kWh,False
ELEC,Laureate Garage,2148 Broadway,New York,NY,E,Public,2.0,0.0,Blink Network,http://www.blinkcharging.com/,GPS,40.7820682,-73.9803779,189363,2022-07-24 22:55:19 UTC,2021-05-07,J1772,US,public,Sin Dato,Level 2: $0.59 per kWh,False
ELEC,Tunnel Garage,300 E 34th Street,New York,NY,E,Public,1.0,0.0,Blink Network,http://www.blinkcharging.com/,GPS,40.745282,-73.975719,189546,2022-07-24 22:55:19 UTC,2021-05-11,J1772,US,public,Sin Dato,Level 2: $0.59 per kWh,False
ELEC,Icon Parking - Hudson,375 Hudson Street,New York,NY,E,Public,1.0,0.0,Blink Network,http://www.blinkcharging.com/,GPS,40.728704,-74.00765,189759,2022-07-24 22:55:19 UTC,2021-05-17,J1772,US,public,Sin Dato,Level 2: $0.59 per kWh,False
ELEC,GMC Parking Garage - 200 Central,200 Central Park South,New York,NY,E,Public,1.0,0.0,Blink Network,http://www.blinkcharging.com/,GPS,40.766719,-73.979533,190107,2022-07-24 22:55:19 UTC,2021-05-26,J1772,US,public,Sin Dato,Level 2: $0.59 per kWh,False
ELEC,Discover 97 Parking LLC,750 Columbus Avenue,New York,NY,E,Public,2.0,0.0,Blink Network,http://www.blinkcharging.com/,GPS,40.793416,-73.967719,190531,2022-07-24 22:55:19 UTC,2021-06-01,J1772,US,public,Sin Dato,Level 2: $0.59 per kWh,False
ELEC,iPark - 67th Street,3 East 67th Street,New York,NY,E,Public,1.0,0.0,Blink Network,http://www.blinkcharging.com/,GPS,40.769134,-73.968707,190532,2022-07-24 22:55:19 UTC,2021-06-01,J1772,US,public,Sin Dato,Level 2: $0.59 per kWh,False
ELEC,GMC Vic Mar Parking,8 E 83rd St,New York,NY,E,Public,1.0,0.0,Blink Network,http://www.blinkcharging.com/,GPS,40.779829,-73.960581,192740,2022-07-24 22:55:19 UTC,2021-07-10,J1772,US,public,Sin Dato,Level 2: $0.59 per kWh,False
ELEC,4 W 93rd St,4 W 93rd St,New York,NY,E,Public,2.0,0.0,FLO,https://flo.ca/,GPS,40.789958,-73.966488,192949,2022-07-25 01:48:14 UTC,2021-07-17,J1772,US,public,Sin Dato,Sin Dato,False
ELEC,iPark - Enterprise Parking,315 E 40th Street,New York,NY,E,Public,1.0,0.0,Blink Network,http://www.blinkcharging.com/,GPS,40.748359,-73.972213,193980,2022-07-24 22:55:19 UTC,2021-08-17,J1772,US,public,Sin Dato,Level 2: $0.59 per kWh,True
ELEC,170 E End Ave,170 E End Ave,New York,NY,E,Public,2.0,0.0,FLO,https://flo.ca/,GPS,40.775792,-73.944015,194168,2022-07-25 01:48:14 UTC,2021-08-21,J1772,US,public,Sin Dato,Sin Dato,True
ELEC,498 E 67th St,498 E 67th St,New York,NY,E,Public,2.0,0.0,FLO,https://flo.ca/,GPS,40.763723,-73.956354,194169,2022-07-25 01:48:14 UTC,2021-08-21,J1772,US,public,Sin Dato,Sin Dato,True
ELEC,101 E 78th St,101 E 78th St,New York,NY,E,Public,2.0,0.0,FLO,https://flo.ca/,GPS,40.774878,-73.960671,194170,2022-07-25 01:48:14 UTC,2021-08-21,J1772,US,public,Sin Dato,Sin Dato,True
ELEC,iPark - 59 Allen Street Garage,59 Allen Street,New York,NY,E,Public,2.0,0.0,Blink Network,http://www.blinkcharging.com/,GPS,40.717195,-73.991658,195054,2022-07-24 22:55:19 UTC,2021-09-03,J1772,US,public,Sin Dato,Level 2: $0.59 per kWh,True
ELEC,Peninsula New York,700 5th Avenue,New York,NY,E,Public,1.0,0.0,SemaCharge Network,https://semaconnect.com/,GPS,40.7616221,-73.9754656,195065,2022-07-25 00:31:01 UTC,2021-09-04,J1772,US,public,Sin Dato,FREE,True
ELEC,Gramercy Plaza  - Parking Garage,130 East 18th St,New York,NY,E,Private,2.0,0.0,Blink Network,http://www.blinkcharging.com/,GPS,40.7362174,-73.98666508,197593,2022-07-24 22:55:19 UTC,2021-10-11,J1772,US,private,Sin Dato,Level 2: $0.59 per kWh,True
ELEC,277 Park Avenue,277 Park Ave,New York,NY,E,Public - Credit card at all times,20.0,0.0,EV Connect,http://evconnect.com/,GPS,40.7548972601546,-73.9741069536151,198016,2021-12-06 18:36:15 UTC,2021-10-19,J1772,US,public,PARKING_GARAGE,Sin Dato,False
ELEC,West 90th Garage Corp,101 W 90th St,New York,NY,E,Public - Credit card at all times,6.0,0.0,EV Connect,http://evconnect.com/,GPS,40.7893808473284,-73.9708225218492,198017,2021-12-06 18:36:15 UTC,2021-10-19,J1772,US,public,PARKING_GARAGE,Sin Dato,False
ELEC,115 Fort Washington Ave,115 Fort Washington Ave,New York,NY,E,Public,2.0,0.0,FLO,https://flo.ca/,GPS,40.839756,-73.943345,200474,2022-07-25 01:48:14 UTC,2021-11-03,J1772,US,public,Sin Dato,Sin Dato,True
ELEC,Highrise Parking,210 W 71st Street,New York,NY,E,Public,1.0,0.0,Blink Network,http://www.blinkcharging.com/,GPS,40.777905,-73.982299,200627,2022-07-24 22:55:19 UTC,2021-11-05,J1772,US,public,Sin Dato,Level 2: $0.59 per kWh,True
ELEC,NYU NYU # 2,2 Washington Square Village,New York,NY,E,Public,2.0,0.0,ChargePoint Network,http://www.chargepoint.com/,GPS,40.728283,-73.997251,200987,2022-07-25 01:22:20 UTC,2021-11-11,J1772,US,public,Sin Dato,Sin Dato,True
ELEC,NYU NYU # 1,2 Washington Square Village,New York,NY,E,Public,2.0,0.0,ChargePoint Network,http://www.chargepoint.com/,GPS,40.72808,-73.99724,200988,2022-07-25 01:22:20 UTC,2021-11-11,J1772,US,public,Sin Dato,Sin Dato,True
ELEC,Central Parking - 109 E 58th Street,109 E 58th Street,New York,NY,E,Public,1.0,0.0,Blink Network,http://www.blinkcharging.com/,GPS,40.762199,-73.969557,201870,2022-07-24 22:55:19 UTC,2021-12-01,J1772,US,public,Sin Dato,Level 2: $0.59 per kWh,True
ELEC,Central Parking - 350 E 30th Street,350 E 30th Street,New York,NY,E,Public,1.0,0.0,Blink Network,http://www.blinkcharging.com/,GPS,40.741065,-73.975788,201878,2022-07-24 22:55:19 UTC,2021-12-01,J1772,US,public,Sin Dato,Level 2: $0.59 per kWh,True
ELEC,LIN-DAN RICK,329 E 21st St,New York,NY,E,Public,2.0,0.0,ChargePoint Network,http://www.chargepoint.com/,GPS,40.736148,-73.980154,205858,2022-07-25 01:24:34 UTC,2022-02-04,J1772,US,public,Sin Dato,Sin Dato,True
ELEC,LIN-DAN MORTY,329 E 21st St,New York,NY,E,Public,2.0,0.0,ChargePoint Network,http://www.chargepoint.com/,GPS,40.736161,-73.980267,205859,2022-07-25 01:24:36 UTC,2022-02-04,J1772,US,public,Sin Dato,Sin Dato,True
ELEC,1 WATERLINE STATION#8,10 Riverside Blvd,New York,NY,E,Public,2.0,0.0,ChargePoint Network,http://www.chargepoint.com/,GPS,40.772871,-73.992514,207729,2022-07-25 01:24:23 UTC,2022-03-08,J1772,US,public,Sin Dato,Sin Dato,True
ELEC,1 WATERLINE STATION#3,10 Riverside Blvd,New York,NY,E,Public,2.0,0.0,ChargePoint Network,http://www.chargepoint.com/,GPS,40.773005,-73.992868,207730,2022-07-25 01:24:23 UTC,2022-03-08,J1772,US,public,Sin Dato,Sin Dato,True
ELEC,1 WATERLINE STATION#2,10 Riverside Blvd,New York,NY,E,Public,2.0,0.0,ChargePoint Network,http://www.chargepoint.com/,GPS,40.772952,-73.992622,207731,2022-07-25 01:24:23 UTC,2022-03-08,J1772,US,public,Sin Dato,Sin Dato,True
ELEC,1 WATERLINE STATION#1,10 Riverside Blvd,New York,NY,E,Public,2.0,0.0,ChargePoint Network,http://www.chargepoint.com/,GPS,40.772896,-73.992536,207795,2022-07-25 01:24:23 UTC,2022-03-09,J1772,US,public,Sin Dato,Sin Dato,True
ELEC,1 WATERLINE STATION#5,10 Riverside Blvd,New York,NY,E,Public,2.0,0.0,ChargePoint Network,http://www.chargepoint.com/,GPS,40.772904,-73.992514,207796,2022-07-25 01:24:23 UTC,2022-03-09,J1772,US,public,Sin Dato,Sin Dato,True
ELEC,1 WATERLINE STATION#4,10 Riverside Blvd,New York,NY,E,Public,2.0,0.0,ChargePoint Network,http://www.chargepoint.com/,GPS,40.77292,-73.992546,207888,2022-07-25 01:24:23 UTC,2022-03-10,J1772,US,public,Sin Dato,Sin Dato,True
ELEC,1 WATERLINE STATION#6,10 Riverside Blvd,New York,NY,E,Public,2.0,0.0,ChargePoint Network,http://www.chargepoint.com/,GPS,40.772912,-73.992589,207889,2022-07-25 01:24:24 UTC,2022-03-10,J1772,US,public,Sin Dato,Sin Dato,True
ELEC,WATERLINE 2W STATION 2,400 W 61st St,New York,NY,E,Public,2.0,0.0,ChargePoint Network,http://www.chargepoint.com/,GPS,40.7733,-73.991532,211962,2022-07-25 01:25:20 UTC,2022-03-18,J1772,US,public,Sin Dato,Sin Dato,True
ELEC,Icon Mercury Parking,350 W 50th Street,New York,NY,E,Public,1.0,0.0,Blink Network,http://www.blinkcharging.com/,GPS,40.76324463,-73.98864745,213081,2022-07-24 22:55:19 UTC,2022-03-30,J1772,US,public,Sin Dato,Level 2: $0.59 per kWh,True
ELEC,SP+ - 200 Chambers Street Garage,200 Chambers St,New York,NY,E,Private,1.0,0.0,Blink Network,http://www.blinkcharging.com/,GPS,40.7163,-74.01258,213516,2022-07-24 22:55:19 UTC,2022-04-06,J1772,US,private,Sin Dato,Level 2: $0.59 per kWh,True
ELEC,Eventi Hotel,851 Avenue of the Americas,New York,NY,E,Public,1.0,0.0,Blink Network,http://www.blinkcharging.com/,GPS,40.758681,-73.98135,213916,2022-07-24 22:55:19 UTC,2022-04-13,J1772,US,public,Sin Dato,Level 2: $0.59 per kWh,True
ELEC,125 W 76th Street,125 W 76th Street,New York,NY,E,Public,2.0,0.0,FLO,https://flo.ca/,GPS,40.7803975,-73.9777289,216618,2022-07-25 01:48:14 UTC,2022-05-06,J1772,US,public,Sin Dato,Sin Dato,True
ELEC,COLUMBIA 560 RSD - 2,560 Riverside Drive,New York,NY,E,Public,2.0,0.0,ChargePoint Network,http://www.chargepoint.com/,GPS,40.816698,-73.960577,217316,2022-07-25 00:54:17 UTC,2022-05-11,J1772,US,public,Sin Dato,Sin Dato,True
ELEC,Central Parking - 115 E 87th St,115 East 87th Street,New York,NY,E,Public,2.0,0.0,Blink Network,http://www.blinkcharging.com/,GPS,40.780678,-73.956269,217341,2022-07-24 22:55:19 UTC,2022-05-11,J1772,US,public,Sin Dato,Level 2: $0.59 per kWh,True
ELEC,Bridge Towers Location 1,111 Wadsworth Ave,New York,NY,E,Public,5.0,0.0,Blink Network,http://www.blinkcharging.com/,GPS,40.848202,-73.935857,218294,2022-07-24 22:55:19 UTC,2022-05-18,J1772,US,public,Sin Dato,Level 2: $0.59 per kWh,True
ELEC,Energy Plus Site 8,11 Riverside Dr,New York,NY,E,Public,1.0,0.0,Blink Network,http://www.blinkcharging.com/,GPS,40.781104,-73.984478,219453,2022-07-24 22:55:19 UTC,2022-05-23,J1772,US,public,Sin Dato,Level 2: $0.59 per kWh,True
ELEC,Prestige Parking Corp,25 Sutton Place South,New York,NY,E,Public,1.0,0.0,Blink Network,http://www.blinkcharging.com/,GPS,40.7565187377,-73.9610743999,221322,2022-07-24 22:55:19 UTC,2022-06-15,J1772,US,public,Sin Dato,Level 2: $0.59 per kWh,True
ELEC,First Avenue Parking,630 1st Avenue,New York,NY,E,Public,2.0,0.0,Blink Network,http://www.blinkcharging.com/,GPS,40.745096,-73.971921,221326,2022-07-24 22:55:19 UTC,2022-06-15,J1772,US,public,Sin Dato,Level 2: $0.59 per kWh,True
ELEC,MPG Parking,475 West 41st St,New York,NY,E,Public,2.0,0.0,Blink Network,http://www.blinkcharging.com/,GPS,40.758967,-73.995189,221880,2022-07-24 22:55:19 UTC,2022-06-22,J1772,US,public,Sin Dato,Level 2: $0.59 per kWh,True
ELEC,Rapid Park - 204 W 101 st,204 W 101st St,New York,NY,E,Public,8.0,0.0,LIVINGSTON,https://www.solution.energy/evse/,GPS,40.79743,-73.9687,223088,2022-07-12 20:31:42 UTC,2022-01-26,J1772,US,public,PARKING_GARAGE,Sin Dato,False
ELEC,Rapid Park - 205 W 101 st,205 W 101st St,New York,NY,E,Public,8.0,0.0,LIVINGSTON,https://www.solution.energy/evse/,GPS,40.79766,-73.96838,223089,2022-07-12 20:31:42 UTC,2021-10-28,J1772,US,public,PARKING_GARAGE,Sin Dato,False
ELEC,411 West 55th St,411 W 55th St,New York,NY,E,Public,4.0,0.0,LIVINGSTON,https://www.solution.energy/evse/,GPS,40.76709,-73.98733,223115,2022-07-12 20:31:42 UTC,2021-12-22,J1772,US,public,PAY_GARAGE,Sin Dato,False
ELEC,301 E. 79th St.,301 E. 79th St.,New York,NY,E,Public,4.0,0.0,LIVINGSTON,https://www.solution.energy/evse/,GPS,40.76939,-73.96546,223240,2022-07-12 20:31:42 UTC,2022-01-14,J1772,US,public,PAY_GARAGE,Sin Dato,False
ELEC,550 W. 45th St.,550 W. 45th St,New York,NY,E,Public,4.0,0.0,LIVINGSTON,https://www.solution.energy/evse/,GPS,40.7624,-73.99635,223241,2022-07-12 20:31:42 UTC,2022-01-19,J1772,US,public,PAY_GARAGE,Sin Dato,False
ELEC,435 E. 55th St.,435 E 55th St,New York,NY,E,Public,4.0,0.0,LIVINGSTON,https://www.solution.energy/evse/,GPS,40.75657,-73.96226,223256,2022-07-12 20:31:42 UTC,2022-02-07,J1772,US,public,PAY_GARAGE,Sin Dato,False
ELEC,420 E. 53rd St.,420 E 53rd,New York,NY,E,Public,6.0,0.0,LIVINGSTON,https://www.solution.energy/evse/,GPS,40.75527,-73.96386,223257,2022-07-12 20:31:42 UTC,2022-02-02,J1772,US,public,PAY_GARAGE,Sin Dato,False
ELEC,449 East 49th Street,449 East 49th Street,New York,NY,E,Public,6.0,0.0,LIVINGSTON,https://www.solution.energy/evse/,GPS,40.75267,-73.96482,223258,2022-07-12 20:31:42 UTC,2022-02-08,J1772,US,public,PAY_GARAGE,Sin Dato,False
ELEC,337 E 64th St.,337 East 64th St,New York,NY,E,Public,4.0,0.0,LIVINGSTON,https://www.solution.energy/evse/,GPS,40.76327,-73.96024,223264,2022-07-12 20:31:42 UTC,2022-02-08,J1772,US,public,PAY_GARAGE,Sin Dato,False
ELEC,4 W 21st St.,4 W 21st St,New York,NY,E,Public,4.0,0.0,LIVINGSTON,https://www.solution.energy/evse/,GPS,40.74057,-73.99147,223265,2022-07-12 20:31:42 UTC,2022-02-15,J1772,US,public,PAY_GARAGE,Sin Dato,False
ELEC,210 W 76th St.,210 W 76th St,New York,NY,E,Public,4.0,0.0,LIVINGSTON,https://www.solution.energy/evse/,GPS,40.78126,-73.98044,223266,2022-07-12 20:31:42 UTC,2022-03-18,J1772,US,public,PAY_GARAGE,Sin Dato,False
ELEC,142 E 31st St.,142 E 31st St,New York,NY,E,Public,4.0,0.0,LIVINGSTON,https://www.solution.energy/evse/,GPS,40.74415,-73.98046,223267,2022-07-12 20:31:42 UTC,2022-02-10,J1772,US,public,PAY_GARAGE,Sin Dato,False
ELEC,44 W 62nd St.,44 W 62nd St,New York,NY,E,Public,4.0,0.0,LIVINGSTON,https://www.solution.energy/evse/,GPS,40.7708,-73.98323,223268,2022-07-12 20:31:42 UTC,2022-02-09,J1772,US,public,PAY_GARAGE,Sin Dato,False
ELEC,333 E 75th St.,333 E 75th St,New York,NY,E,Public,4.0,0.0,LIVINGSTON,https://www.solution.energy/evse/,GPS,40.7702,-73.95525,223269,2022-07-12 20:31:42 UTC,2022-03-18,J1772,US,public,PAY_GARAGE,Sin Dato,False
ELEC,225 W 49th St,225 W 49th St,New York,NY,E,Public,4.0,0.0,LIVINGSTON,https://www.solution.energy/evse/,GPS,40.76154,-73.98518,223273,2022-07-12 20:31:42 UTC,2022-02-17,J1772,US,public,PAY_GARAGE,Sin Dato,False
ELEC,11 East 86th Street,11 East 86th St,New York,NY,E,Public,2.0,0.0,LIVINGSTON,https://www.solution.energy/evse/,GPS,40.78147,-73.95986,223278,2022-07-12 20:31:42 UTC,2022-03-16,J1772,US,public,PAY_GARAGE,Sin Dato,False
ELEC,110 East End Ave,110 East End Ave,New York,NY,E,Public,4.0,0.0,LIVINGSTON,https://www.solution.energy/evse/,GPS,40.77447,-73.94599,223281,2022-07-12 20:31:42 UTC,2022-04-04,J1772,US,public,PAY_GARAGE,Sin Dato,False
ELEC,200 East End Ave,200 East End Ave,New York,NY,E,Public,4.0,0.0,LIVINGSTON,https://www.solution.energy/evse/,GPS,40.77729,-73.94355,223282,2022-07-12 20:31:42 UTC,2022-04-28,J1772,US,public,PAY_GARAGE,Sin Dato,False
ELEC,55 East End Ave,55 East End Ave,New York,NY,E,Public,6.0,0.0,LIVINGSTON,https://www.solution.energy/evse/,GPS,40.772,-73.94639,223283,2022-07-12 20:31:42 UTC,2022-03-24,J1772,US,public,PAY_GARAGE,Sin Dato,False
ELEC,305 East 80th Street,305 East 80th St,New York,NY,E,Public,4.0,0.0,LIVINGSTON,https://www.solution.energy/evse/,GPS,40.77397,-73.9539,223292,2022-07-12 20:31:42 UTC,2022-04-25,J1772,US,public,PAY_GARAGE,Sin Dato,False
ELEC,231 E 94th Street,231 E 94th St,New York,NY,E,Public,4.0,0.0,LIVINGSTON,https://www.solution.energy/evse/,GPS,40.78351,-73.94888,223297,2022-07-12 20:31:42 UTC,2022-05-23,J1772,US,public,PAY_GARAGE,Sin Dato,False
ELEC,203 E 71st St.,203 E 71st St,New York,NY,E,Public,4.0,0.0,LIVINGSTON,https://www.solution.energy/evse/,GPS,40.76894,-73.96047,223298,2022-07-12 20:31:42 UTC,2022-05-17,J1772,US,public,PAY_GARAGE,Sin Dato,False
ELEC,181 E 73rd Street,181 East 73rd St,New York,NY,E,Public,4.0,0.0,LIVINGSTON,https://www.solution.energy/evse/,GPS,40.77082,-73.96068,223299,2022-07-12 20:31:42 UTC,2022-05-20,J1772,US,public,PAY_GARAGE,Sin Dato,False
ELEC,191 East 71st Street,191 E 71st St,New York,NY,E,Public,4.0,0.0,LIVINGSTON,https://www.solution.energy/evse/,GPS,40.76942,-73.76942,223300,2022-07-12 20:31:42 UTC,2022-06-23,J1772,US,public,PAY_GARAGE,Sin Dato,False
ELEC,DOCK STATION 9,1540 Broadway,New York,NY,E,Public,1.0,0.0,ChargePoint Network,http://www.chargepoint.com/,GPS,40.761082,-73.968188,223322,2022-07-25 01:27:05 UTC,2022-07-12,J1772,US,public,Sin Dato,Sin Dato,True
ELEC,DOCK STATION 10,1540 Broadway,New York,NY,E,Public,1.0,0.0,ChargePoint Network,http://www.chargepoint.com/,GPS,40.757839,-73.984391,223323,2022-07-25 01:27:05 UTC,2022-07-12,J1772,US,public,Sin Dato,Sin Dato,True
ELEC,Lincoln Square Garage,178 W 69th Street,New York,NY,E,Public,1.0,0.0,Blink Network,http://www.blinkcharging.com/,GPS,40.776152,-73.98282,223392,2022-07-24 22:55:19 UTC,2022-07-12,J1772,US,public,Sin Dato,Level 2: $0.59 per kWh,True
ELEC,320 Mason Ave,320 Mason Ave,New York,NY,E,Public,4.0,0.0,FLO,https://flo.ca/,GPS,40.5849843769658,-74.0880435921124,223526,2022-07-25 01:48:14 UTC,2022-07-15,J1772,US,public,Sin Dato,Sin Dato,True
ELEC,Delancey & Essex Municipal Parking Garage,107 Essx St,New York,NY,E,Public - Credit card at all times,Sin Dato,4.0,EV Connect,http://evconnect.com/,GPS,40.7193187,-73.9881965,224172,2022-07-21 22:42:07 UTC,2022-07-16,CHADEMO J1772COMBO,US,public,PARKING_GARAGE,Sin Dato,False
